neg,neu,pos,compound
0.0,0.895,0.105,0.25
0.251,0.749,0.0,-0.6908
0.12,0.88,0.0,-0.3818
0.0,1.0,0.0,0.0
0.099,0.901,0.0,-0.296
0.0,0.954,0.046,0.0258
0.072,0.757,0.171,0.4556
0.131,0.707,0.162,0.1531
0.128,0.872,0.0,-0.296
0.0,1.0,0.0,0.0
0.224,0.776,0.0,-0.886
0.0,1.0,0.0,0.0
0.216,0.784,0.0,-0.5106
0.0,0.838,0.162,0.4767
0.0,1.0,0.0,0.0
0.124,0.815,0.062,-0.4939
0.208,0.792,0.0,-0.743
0.0,1.0,0.0,0.0
0.0,1.0,0.0,0.0
0.0,1.0,0.0,0.0
0.0,0.933,0.067,0.3182
0.328,0.672,0.0,-0.5994
0.0,1.0,0.0,0.0
0.104,0.896,0.0,-0.296
0.0,1.0,0.0,0.0
0.132,0.868,0.0,-0.4404
0.193,0.727,0.081,-0.7717
0.0,0.865,0.135,0.5574
0.19,0.81,0.0,-0.6908
0.258,0.604,0.137,-0.4939
0.284,0.6,0.116,-0.6369
0.0,1.0,0.0,0.0
0.0,1.0,0.0,0.0
0.394,0.606,0.0,-0.3818
0.0,0.82,0.18,0.0258
0.0,1.0,0.0,0.0
0.0,1.0,0.0,0.0
0.075,0.788,0.138,0.5023
0.0,1.0,0.0,0.0
0.0,0.702,0.298,0.1779
0.0,1.0,0.0,0.0
0.22,0.78,0.0,-0.5859
0.0,0.925,0.075,0.0772
0.0,0.924,0.076,0.4215
0.0,1.0,0.0,0.0
0.098,0.865,0.037,-0.2732
0.0,0.966,0.034,0.0772
0.0,0.682,0.318,0.4215
0.098,0.902,0.0,-0.3818
0.048,0.901,0.051,0.0258
0.092,0.839,0.069,-0.2134
0.0,1.0,0.0,0.0
0.0,1.0,0.0,0.0
0.021,0.881,0.098,0.8749
0.0,0.909,0.091,0.2732
0.0,0.949,0.051,0.0772
0.0,0.862,0.138,0.5994
0.122,0.724,0.153,0.4215
0.049,0.867,0.084,0.1124
0.088,0.828,0.084,0.1316
0.069,0.764,0.167,0.9078
0.091,0.909,0.0,-0.296
0.0,0.722,0.278,0.6124
0.097,0.837,0.067,-0.3991
0.1,0.9,0.0,-0.2732
0.0,0.926,0.074,0.5719
0.0,0.939,0.061,0.0258
0.0,1.0,0.0,0.0
0.0,0.842,0.158,0.4939
0.048,0.915,0.037,-0.2023
0.152,0.848,0.0,-0.3612
0.0,1.0,0.0,0.0
0.0,0.874,0.126,0.3182
0.108,0.892,0.0,-0.6908
0.203,0.654,0.144,-0.2263
0.234,0.532,0.234,0.0
0.0,0.649,0.351,0.4019
0.0,1.0,0.0,0.0
0.0,1.0,0.0,0.0
0.0,1.0,0.0,0.0
0.0,0.801,0.199,0.9217
0.0,0.9,0.1,0.25
0.0,0.865,0.135,0.3612
0.0,0.905,0.095,0.3182
0.0,1.0,0.0,0.0
0.167,0.833,0.0,-0.296
0.15,0.85,0.0,-0.3182
0.0,0.8,0.2,0.25
0.0,1.0,0.0,0.0
0.227,0.773,0.0,-0.6908
0.227,0.773,0.0,-0.8481
0.092,0.771,0.137,0.2732
0.0,1.0,0.0,0.0
0.0,1.0,0.0,0.0
0.0,1.0,0.0,0.0
0.0,1.0,0.0,0.0
0.0,1.0,0.0,0.0
0.165,0.737,0.098,-0.4404
0.0,1.0,0.0,0.0
0.0,1.0,0.0,0.0
0.0,0.703,0.297,0.5859
0.251,0.749,0.0,-0.6908
0.283,0.717,0.0,-0.7964
0.0,0.876,0.124,0.4019
0.101,0.875,0.024,-0.6705
0.165,0.784,0.052,-0.6697
0.217,0.783,0.0,-0.5574
0.0,1.0,0.0,0.0
0.0,1.0,0.0,0.0
0.098,0.82,0.082,-0.1027
0.0,1.0,0.0,0.0
0.0,0.814,0.186,0.5859
0.167,0.833,0.0,-0.296
0.151,0.802,0.046,-0.5267
0.0,0.841,0.159,0.5574
0.0,1.0,0.0,0.0
0.0,0.822,0.178,0.3818
0.0,0.75,0.25,0.7184
0.0,0.818,0.182,0.4588
0.121,0.879,0.0,-0.296
0.239,0.761,0.0,-0.296
0.0,1.0,0.0,0.0
0.262,0.738,0.0,-0.5994
0.094,0.863,0.043,-0.3182
0.0,1.0,0.0,0.0
0.067,0.821,0.111,0.128
0.0,0.933,0.067,0.3612
0.0,1.0,0.0,0.0
0.0,1.0,0.0,0.0
0.0,1.0,0.0,0.0
0.06,0.94,0.0,-0.2732
0.026,0.903,0.07,0.4588
0.157,0.811,0.032,-0.7269
0.079,0.862,0.06,-0.3149
0.0,0.629,0.371,0.7096
0.262,0.738,0.0,-0.5994
0.055,0.847,0.097,0.25
0.196,0.804,0.0,-0.296
0.112,0.748,0.14,-0.1235
0.074,0.788,0.138,0.3697
0.073,0.927,0.0,-0.3182
0.0,0.827,0.173,0.5859
0.102,0.898,0.0,-0.3182
0.0,0.568,0.432,0.4215
0.0,1.0,0.0,0.0
0.0,1.0,0.0,0.0
0.071,0.741,0.188,0.5615
0.149,0.851,0.0,-0.2732
0.0,1.0,0.0,0.0
0.0,1.0,0.0,0.0
0.0,1.0,0.0,0.0
0.368,0.632,0.0,-0.5423
0.209,0.791,0.0,-0.6486
0.0,1.0,0.0,0.0
0.0,0.732,0.268,0.296
0.0,1.0,0.0,0.0
0.149,0.851,0.0,-0.2732
0.106,0.894,0.0,-0.2263
0.161,0.691,0.147,-0.3182
0.146,0.854,0.0,-0.7184
0.094,0.788,0.118,0.2805
0.166,0.769,0.065,-0.6249
0.088,0.858,0.054,-0.624
0.0,1.0,0.0,0.0
0.0,0.942,0.058,0.0772
0.0,1.0,0.0,0.0
0.0,1.0,0.0,0.0
0.392,0.417,0.192,-0.5267
0.351,0.649,0.0,-0.4019
0.0,0.79,0.21,0.4449
0.135,0.865,0.0,-0.4215
0.309,0.617,0.074,-0.6908
0.236,0.764,0.0,-0.7579
0.0,1.0,0.0,0.0
0.0,0.825,0.175,0.6249
0.072,0.825,0.103,0.2263
0.333,0.667,0.0,-0.5423
0.0,1.0,0.0,0.0
0.346,0.654,0.0,-0.8779
0.0,1.0,0.0,0.0
0.31,0.571,0.119,-0.5667
0.0,0.723,0.277,0.3182
0.0,0.625,0.375,0.1027
0.54,0.46,0.0,-0.6908
0.106,0.894,0.0,-0.3447
0.0,0.867,0.133,0.3182
0.314,0.686,0.0,-0.4939
0.157,0.843,0.0,-0.9468
0.218,0.782,0.0,-0.6486
0.156,0.844,0.0,-0.34
0.0,1.0,0.0,0.0
0.119,0.881,0.0,-0.3182
0.0,1.0,0.0,0.0
0.0,0.901,0.099,0.6449
0.225,0.775,0.0,-0.8126
0.056,0.794,0.15,0.4939
0.0,1.0,0.0,0.0
0.0,1.0,0.0,0.0
0.0,0.865,0.135,0.1027
0.324,0.676,0.0,-0.5859
0.0,1.0,0.0,0.0
0.326,0.674,0.0,-0.5945
0.0,1.0,0.0,0.0
0.0,1.0,0.0,0.0
0.0,0.606,0.394,0.3818
0.425,0.575,0.0,-0.7506
0.223,0.777,0.0,-0.743
0.198,0.631,0.17,0.3773
0.0,1.0,0.0,0.0
0.104,0.896,0.0,-0.4404
0.073,0.83,0.097,0.1779
0.062,0.768,0.17,0.7762
0.073,0.899,0.028,-0.2732
0.047,0.918,0.036,-0.2023
0.159,0.687,0.155,-0.0258
0.131,0.742,0.127,-0.0258
0.2,0.643,0.157,-0.3612
0.0,1.0,0.0,0.0
0.0,1.0,0.0,0.0
0.084,0.858,0.058,-0.296
0.0,0.796,0.204,0.3182
0.0,1.0,0.0,0.0
0.0,1.0,0.0,0.0
0.0,0.755,0.245,0.5994
0.0,0.6,0.4,0.25
0.0,0.769,0.231,0.5994
0.0,1.0,0.0,0.0
0.0,1.0,0.0,0.0
0.0,1.0,0.0,0.0
0.0,0.71,0.29,0.6486
0.0,1.0,0.0,0.0
0.133,0.867,0.0,-0.3818
0.0,1.0,0.0,0.0
0.0,0.667,0.333,0.5423
0.0,0.9,0.1,0.4404
0.23,0.531,0.239,0.0258
0.165,0.63,0.205,0.128
0.161,0.812,0.027,-0.7543
0.0,1.0,0.0,0.0
0.0,1.0,0.0,0.0
0.42,0.58,0.0,-0.7003
0.0,0.735,0.265,0.2023
0.0,0.513,0.487,0.4215
0.0,0.886,0.114,0.4023
0.106,0.806,0.087,-0.1531
0.394,0.606,0.0,-0.5994
0.0,1.0,0.0,0.0
0.08,0.92,0.0,-0.3818
0.187,0.813,0.0,-0.7178
0.393,0.607,0.0,-0.8126
0.0,0.839,0.161,0.3182
0.132,0.802,0.067,-0.2846
0.142,0.858,0.0,-0.6486
0.0,1.0,0.0,0.0
0.178,0.822,0.0,-0.8176
0.139,0.861,0.0,-0.6124
0.1,0.9,0.0,-0.4767
0.197,0.803,0.0,-0.4019
0.108,0.892,0.0,-0.4404
0.0,1.0,0.0,0.0
0.257,0.557,0.186,-0.5719
0.061,0.939,0.0,-0.25
0.07,0.879,0.051,-0.2263
0.0,0.859,0.141,0.3182
0.157,0.843,0.0,-0.4215
0.0,0.951,0.049,0.1779
0.132,0.868,0.0,-0.6249
0.226,0.774,0.0,-0.5423
0.206,0.794,0.0,-0.5267
0.0,0.899,0.101,0.2263
0.066,0.868,0.066,0.0
0.0,1.0,0.0,0.0
0.0,1.0,0.0,0.0
0.0,1.0,0.0,0.0
0.06,0.94,0.0,-0.4588
0.0,0.934,0.066,0.4019
0.149,0.851,0.0,-0.7003
0.0,1.0,0.0,0.0
0.181,0.819,0.0,-0.4767
0.278,0.722,0.0,-0.4019
0.0,1.0,0.0,0.0
0.0,1.0,0.0,0.0
0.0,0.784,0.216,0.7845
0.0,1.0,0.0,0.0
0.105,0.872,0.023,-0.6597
0.0,1.0,0.0,0.0
0.0,1.0,0.0,0.0
0.0,1.0,0.0,0.0
0.113,0.887,0.0,-0.4019
0.107,0.748,0.145,0.2023
0.054,0.774,0.171,0.6542
0.203,0.797,0.0,-0.6249
0.026,0.891,0.083,0.5848
0.0,1.0,0.0,0.0
0.0,1.0,0.0,0.0
0.0,1.0,0.0,0.0
0.224,0.776,0.0,-0.6705
0.0,0.581,0.419,0.5574
0.0,0.688,0.312,0.7096
0.0,1.0,0.0,0.0
0.262,0.738,0.0,-0.4939
0.0,1.0,0.0,0.0
0.0,0.916,0.084,0.3182
0.0,1.0,0.0,0.0
0.0,0.8,0.2,0.8743
0.274,0.726,0.0,-0.5994
0.273,0.727,0.0,-0.5423
0.0,0.897,0.103,0.7269
0.0,1.0,0.0,0.0
0.153,0.718,0.129,-0.128
0.0,1.0,0.0,0.0
0.0,1.0,0.0,0.0
0.0,0.794,0.206,0.8625
0.0,1.0,0.0,0.0
0.0,1.0,0.0,0.0
0.127,0.873,0.0,-0.7003
0.0,0.925,0.075,0.3818
0.121,0.879,0.0,-0.296
0.0,0.932,0.068,0.0258
0.198,0.76,0.043,-0.9567
0.044,0.888,0.068,0.2023
0.226,0.774,0.0,-0.5423
0.0,0.753,0.247,0.5574
0.157,0.843,0.0,-0.8316
0.093,0.907,0.0,-0.5574
0.0,0.87,0.13,0.5574
0.207,0.793,0.0,-0.6908
0.11,0.89,0.0,-0.3818
0.044,0.875,0.081,0.2732
0.207,0.793,0.0,-0.872
0.0,0.769,0.231,0.5859
0.0,0.926,0.074,0.5106
0.0,0.912,0.088,0.3612
0.0,0.806,0.194,0.6981
0.0,0.909,0.091,0.5574
0.15,0.698,0.152,0.0599
0.192,0.808,0.0,-0.2263
0.0,0.847,0.153,0.4019
0.0,0.982,0.018,0.2732
0.0,0.886,0.114,0.5574
0.095,0.905,0.0,-0.25
0.141,0.707,0.152,0.0516
0.0,1.0,0.0,0.0
0.0,0.774,0.226,0.4215
0.0,1.0,0.0,0.0
0.0,0.951,0.049,0.1139
0.206,0.794,0.0,-0.3818
0.107,0.893,0.0,-0.34
0.027,0.891,0.083,0.7736
0.169,0.685,0.145,0.1027
0.207,0.715,0.078,-0.6094
0.144,0.797,0.059,-0.5106
0.073,0.927,0.0,-0.3818
0.0,0.857,0.143,0.128
0.131,0.776,0.093,-0.3182
0.121,0.879,0.0,-0.296
0.0,0.843,0.157,0.3818
0.111,0.83,0.059,-0.5972
0.0,1.0,0.0,0.0
0.0,1.0,0.0,0.0
0.0,1.0,0.0,0.0
0.0,0.824,0.176,0.4588
0.0,1.0,0.0,0.0
0.134,0.866,0.0,-0.4767
0.0,1.0,0.0,0.0
0.258,0.659,0.083,-0.6862
0.0,0.909,0.091,0.2732
0.0,1.0,0.0,0.0
0.0,1.0,0.0,0.0
0.236,0.714,0.05,-0.765
0.212,0.737,0.051,-0.7351
0.0,0.861,0.139,0.34
0.134,0.671,0.195,0.25
0.283,0.645,0.072,-0.8674
0.0,1.0,0.0,0.0
0.104,0.833,0.063,-0.5574
0.0,0.899,0.101,0.2263
0.0,1.0,0.0,0.0
0.0,0.893,0.107,0.34
0.0,1.0,0.0,0.0
0.0,0.891,0.109,0.0258
0.0,0.909,0.091,0.2263
0.114,0.65,0.236,0.3612
0.179,0.821,0.0,-0.5423
0.0,1.0,0.0,0.0
0.141,0.859,0.0,-0.5574
0.333,0.667,0.0,-0.4588
0.217,0.783,0.0,-0.5574
0.106,0.757,0.137,0.2023
0.0,0.928,0.072,0.34
0.0,0.806,0.194,0.34
0.0,1.0,0.0,0.0
0.187,0.595,0.218,-0.0516
0.045,0.702,0.252,0.7184
0.0,0.774,0.226,0.4215
0.0,0.562,0.438,0.7184
0.286,0.714,0.0,-0.7661
0.0,1.0,0.0,0.0
0.0,1.0,0.0,0.0
0.28,0.318,0.401,0.2263
0.0,0.7,0.3,0.25
0.0,0.744,0.256,0.4767
0.0,1.0,0.0,0.0
0.0,1.0,0.0,0.0
0.0,1.0,0.0,0.0
0.314,0.686,0.0,-0.4939
0.0,0.448,0.552,0.4019
0.0,1.0,0.0,0.0
0.0,1.0,0.0,0.0
0.0,1.0,0.0,0.0
0.0,1.0,0.0,0.0
0.0,0.714,0.286,0.5574
0.0,1.0,0.0,0.0
0.389,0.611,0.0,-0.836
0.123,0.877,0.0,-0.2732
0.0,0.597,0.403,0.4019
0.28,0.72,0.0,-0.5423
0.12,0.543,0.337,0.4588
0.0,1.0,0.0,0.0
0.231,0.769,0.0,-0.7184
0.0,1.0,0.0,0.0
0.364,0.511,0.125,-0.6369
0.246,0.641,0.113,-0.4003
0.0,1.0,0.0,0.0
0.0,0.774,0.226,0.8591
0.0,0.797,0.203,0.4215
0.167,0.833,0.0,-0.7506
0.087,0.913,0.0,-0.7506
0.493,0.414,0.093,-0.8904
0.159,0.841,0.0,-0.5574
0.072,0.861,0.067,-0.0516
0.091,0.909,0.0,-0.3182
0.209,0.732,0.06,-0.9303
0.157,0.843,0.0,-0.3818
0.0,1.0,0.0,0.0
0.412,0.588,0.0,-0.8271
0.152,0.759,0.09,-0.5574
0.102,0.831,0.067,-0.2732
0.093,0.774,0.133,0.1779
0.059,0.941,0.0,-0.296
0.078,0.852,0.07,-0.1779
0.0,1.0,0.0,0.0
0.191,0.809,0.0,-0.765
0.126,0.747,0.127,0.0509
0.0,1.0,0.0,0.0
0.0,0.931,0.069,0.4939
0.281,0.719,0.0,-0.6908
0.0,1.0,0.0,0.0
0.137,0.863,0.0,-0.2263
0.14,0.86,0.0,-0.3818
0.0,0.89,0.11,0.6204
0.159,0.841,0.0,-0.6249
0.0,1.0,0.0,0.0
0.0,0.94,0.06,0.4215
0.163,0.704,0.133,-0.4215
0.0,0.869,0.131,0.6369
0.326,0.543,0.131,-0.6486
0.318,0.682,0.0,-0.4215
0.296,0.704,0.0,-0.7096
0.0,1.0,0.0,0.0
0.099,0.901,0.0,-0.5267
0.31,0.69,0.0,-0.4019
0.0,0.915,0.085,0.3818
0.0,1.0,0.0,0.0
0.254,0.746,0.0,-0.7579
0.0,0.912,0.088,0.34
0.047,0.848,0.105,0.6808
0.0,0.802,0.198,0.7096
0.0,0.595,0.405,0.7579
0.0,1.0,0.0,0.0
0.179,0.821,0.0,-0.34
0.0,0.581,0.419,0.5574
0.221,0.638,0.14,-0.4404
0.218,0.782,0.0,-0.5994
0.0,0.761,0.239,0.5719
0.0,1.0,0.0,0.0
0.0,1.0,0.0,0.0
0.0,1.0,0.0,0.0
0.0,1.0,0.0,0.0
0.286,0.714,0.0,-0.5574
0.102,0.898,0.0,-0.5267
0.256,0.64,0.104,-0.4404
0.0,1.0,0.0,0.0
0.0,0.865,0.135,0.5574
0.0,1.0,0.0,0.0
0.191,0.809,0.0,-0.3818
0.0,0.797,0.203,0.4215
0.15,0.8,0.05,-0.6124
0.265,0.735,0.0,-0.5574
0.205,0.795,0.0,-0.5574
0.0,0.753,0.247,0.5574
0.0,0.806,0.194,0.34
0.0,1.0,0.0,0.0
0.0,1.0,0.0,0.0
0.279,0.721,0.0,-0.4767
0.0,0.714,0.286,0.5574
0.0,1.0,0.0,0.0
0.485,0.515,0.0,-0.6908
0.208,0.566,0.226,0.0772
0.229,0.711,0.061,-0.7506
0.0,1.0,0.0,0.0
0.0,1.0,0.0,0.0
0.206,0.794,0.0,-0.3818
0.0,1.0,0.0,0.0
0.0,1.0,0.0,0.0
0.308,0.57,0.122,-0.5994
0.0,1.0,0.0,0.0
0.0,1.0,0.0,0.0
0.0,1.0,0.0,0.0
0.131,0.838,0.031,-0.6808
0.0,0.874,0.126,0.3182
0.0,1.0,0.0,0.0
0.0,0.741,0.259,0.5423
0.0,0.936,0.064,0.0258
0.0,1.0,0.0,0.0
0.0,1.0,0.0,0.0
0.0,1.0,0.0,0.0
0.162,0.541,0.296,0.4543
0.0,1.0,0.0,0.0
0.142,0.676,0.182,0.1531
0.0,1.0,0.0,0.0
0.351,0.649,0.0,-0.6597
0.0,0.888,0.112,0.34
0.0,1.0,0.0,0.0
0.0,1.0,0.0,0.0
0.124,0.876,0.0,-0.1779
0.167,0.833,0.0,-0.5267
0.0,1.0,0.0,0.0
0.0,1.0,0.0,0.0
0.0,0.783,0.217,0.5574
0.0,0.904,0.096,0.1531
0.16,0.84,0.0,-0.6351
0.0,1.0,0.0,0.0
0.0,0.69,0.31,0.5574
0.0,1.0,0.0,0.0
0.0,1.0,0.0,0.0
0.0,0.843,0.157,0.0772
0.358,0.642,0.0,-0.5994
0.0,0.932,0.068,0.0258
0.0,1.0,0.0,0.0
0.0,1.0,0.0,0.0
0.149,0.851,0.0,-0.2732
0.0,1.0,0.0,0.0
0.218,0.782,0.0,-0.7212
0.0,0.916,0.084,0.0258
0.203,0.797,0.0,-0.4215
0.118,0.882,0.0,-0.3291
0.127,0.727,0.145,0.0772
0.0,1.0,0.0,0.0
0.0,1.0,0.0,0.0
0.0,0.867,0.133,0.4449
0.0,0.743,0.257,0.5423
0.0,1.0,0.0,0.0
0.074,0.777,0.149,0.296
0.0,0.836,0.164,0.3724
0.0,0.714,0.286,0.5574
0.0,1.0,0.0,0.0
0.0,0.898,0.102,0.1779
0.0,1.0,0.0,0.0
0.0,0.916,0.084,0.0258
0.279,0.721,0.0,-0.4767
0.0,1.0,0.0,0.0
0.0,1.0,0.0,0.0
0.153,0.739,0.108,-0.2263
0.0,1.0,0.0,0.0
0.0,1.0,0.0,0.0
0.0,1.0,0.0,0.0
0.059,0.941,0.0,-0.3182
0.138,0.862,0.0,-0.6124
0.09,0.862,0.048,-0.34
0.0,1.0,0.0,0.0
0.0,0.816,0.184,0.4019
0.17,0.83,0.0,-0.6486
0.0,1.0,0.0,0.0
0.075,0.828,0.097,0.0258
0.0,0.856,0.144,0.5719
0.058,0.942,0.0,-0.2411
0.0,1.0,0.0,0.0
0.0,0.823,0.177,0.4215
0.0,1.0,0.0,0.0
0.245,0.652,0.103,-0.3818
0.084,0.839,0.077,-0.0516
0.152,0.632,0.216,0.1779
0.317,0.683,0.0,-0.6249
0.0,1.0,0.0,0.0
0.478,0.522,0.0,-0.9001
0.235,0.765,0.0,-0.6486
0.0,1.0,0.0,0.0
0.414,0.586,0.0,-0.8481
0.0,0.845,0.155,0.0258
0.0,1.0,0.0,0.0
0.0,0.836,0.164,0.7269
0.196,0.804,0.0,-0.296
0.0,1.0,0.0,0.0
0.141,0.859,0.0,-0.2023
0.273,0.581,0.145,-0.296
0.086,0.914,0.0,-0.4767
0.0,0.84,0.16,0.2732
0.09,0.874,0.036,-0.4122
0.184,0.816,0.0,-0.3089
0.398,0.602,0.0,-0.6486
0.0,1.0,0.0,0.0
0.0,0.878,0.122,0.381
0.0,1.0,0.0,0.0
0.0,1.0,0.0,0.0
0.0,0.902,0.098,0.0772
0.279,0.721,0.0,-0.7003
0.171,0.732,0.098,-0.2732
0.0,1.0,0.0,0.0
0.0,0.612,0.388,0.5859
0.0,1.0,0.0,0.0
0.0,1.0,0.0,0.0
0.236,0.545,0.218,-0.0516
0.0,0.879,0.121,0.0258
0.189,0.811,0.0,-0.4215
0.148,0.852,0.0,-0.3818
0.0,1.0,0.0,0.0
0.0,1.0,0.0,0.0
0.0,1.0,0.0,0.0
0.0,1.0,0.0,0.0
0.285,0.669,0.046,-0.8316
0.0,1.0,0.0,0.0
0.103,0.897,0.0,-0.3182
0.0,1.0,0.0,0.0
0.218,0.728,0.053,-0.5267
0.161,0.839,0.0,-0.3612
0.0,1.0,0.0,0.0
0.0,1.0,0.0,0.0
0.0,1.0,0.0,0.0
0.435,0.565,0.0,-0.8271
0.0,0.782,0.218,0.7506
0.0,0.833,0.167,0.296
0.128,0.747,0.125,-0.2732
0.0,0.808,0.192,0.8074
0.249,0.751,0.0,-0.5106
0.0,0.796,0.204,0.3182
0.051,0.849,0.1,0.3182
0.067,0.817,0.116,0.25
0.044,0.909,0.046,0.0258
0.0,1.0,0.0,0.0
0.128,0.872,0.0,-0.296
0.171,0.829,0.0,-0.7506
0.0,1.0,0.0,0.0
0.0,1.0,0.0,0.0
0.0,1.0,0.0,0.0
0.273,0.727,0.0,-0.4588
0.0,0.794,0.206,0.3818
0.0,1.0,0.0,0.0
0.041,0.763,0.197,0.81
0.0,1.0,0.0,0.0
0.172,0.745,0.083,-0.316
0.102,0.721,0.177,0.3182
0.293,0.707,0.0,-0.4404
0.118,0.882,0.0,-0.4215
0.173,0.827,0.0,-0.7579
0.0,0.86,0.14,0.0772
0.0,1.0,0.0,0.0
0.319,0.58,0.101,-0.6705
0.0,1.0,0.0,0.0
0.0,1.0,0.0,0.0
0.05,0.876,0.074,0.0516
0.0,1.0,0.0,0.0
0.0,1.0,0.0,0.0
0.0,1.0,0.0,0.0
0.0,1.0,0.0,0.0
0.0,0.893,0.107,0.34
0.151,0.849,0.0,-0.4939
0.0,1.0,0.0,0.0
0.0,0.936,0.064,0.0258
0.312,0.688,0.0,-0.8271
0.0,1.0,0.0,0.0
0.0,0.859,0.141,0.3875
0.073,0.927,0.0,-0.5994
0.0,0.5,0.5,0.8402
0.0,1.0,0.0,0.0
0.0,1.0,0.0,0.0
0.0,1.0,0.0,0.0
0.0,1.0,0.0,0.0
0.0,1.0,0.0,0.0
0.176,0.824,0.0,-0.4939
0.0,1.0,0.0,0.0
0.0,1.0,0.0,0.0
0.0,1.0,0.0,0.0
0.0,1.0,0.0,0.0
0.36,0.64,0.0,-0.6705
0.0,1.0,0.0,0.0
0.0,1.0,0.0,0.0
0.0,0.73,0.27,0.4019
0.187,0.813,0.0,-0.3182
0.0,0.823,0.177,0.4215
0.0,1.0,0.0,0.0
0.0,0.904,0.096,0.1779
0.0,1.0,0.0,0.0
0.0,1.0,0.0,0.0
0.0,1.0,0.0,0.0
0.133,0.867,0.0,-0.3182
0.0,0.775,0.225,0.4939
0.215,0.785,0.0,-0.6249
0.099,0.901,0.0,-0.296
0.171,0.829,0.0,-0.4767
0.307,0.693,0.0,-0.7964
0.244,0.756,0.0,-0.7003
0.0,1.0,0.0,0.0
0.0,1.0,0.0,0.0
0.317,0.683,0.0,-0.6249
0.274,0.726,0.0,-0.5267
0.0,1.0,0.0,0.0
0.0,0.903,0.097,0.1027
0.0,1.0,0.0,0.0
0.07,0.8,0.13,0.296
0.0,0.889,0.111,0.3612
0.196,0.804,0.0,-0.296
0.31,0.69,0.0,-0.743
0.178,0.822,0.0,-0.6597
0.111,0.822,0.067,-0.6854
0.119,0.734,0.147,0.128
0.0,1.0,0.0,0.0
0.0,1.0,0.0,0.0
0.0,0.89,0.11,0.3818
0.141,0.617,0.242,0.5994
0.0,0.708,0.292,0.8519
0.0,1.0,0.0,0.0
0.0,1.0,0.0,0.0
0.043,0.836,0.121,0.6369
0.072,0.799,0.129,0.2732
0.0,0.941,0.059,0.3182
0.0,1.0,0.0,0.0
0.127,0.873,0.0,-0.743
0.0,0.894,0.106,0.3612
0.184,0.64,0.176,-0.0258
0.0,1.0,0.0,0.0
0.153,0.847,0.0,-0.5574
0.0,0.833,0.167,0.4215
0.0,0.644,0.356,0.8555
0.31,0.69,0.0,-0.5574
0.126,0.874,0.0,-0.5994
0.0,0.777,0.223,0.5106
0.132,0.749,0.119,-0.0772
0.312,0.618,0.071,-0.8481
0.207,0.682,0.112,-0.5574
0.074,0.824,0.102,0.25
0.0,1.0,0.0,0.0
0.0,1.0,0.0,0.0
0.0,1.0,0.0,0.0
0.059,0.814,0.127,0.4019
0.0,1.0,0.0,0.0
0.0,1.0,0.0,0.0
0.167,0.833,0.0,-0.4939
0.0,1.0,0.0,0.0
0.0,1.0,0.0,0.0
0.606,0.394,0.0,-0.8271
0.178,0.822,0.0,-0.3818
0.0,1.0,0.0,0.0
0.242,0.758,0.0,-0.4939
0.167,0.833,0.0,-0.1531
0.605,0.395,0.0,-0.8934
0.0,1.0,0.0,0.0
0.0,1.0,0.0,0.0
0.128,0.872,0.0,-0.2263
0.0,1.0,0.0,0.0
0.252,0.748,0.0,-0.4019
0.0,1.0,0.0,0.0
0.438,0.562,0.0,-0.5994
0.0,1.0,0.0,0.0
0.307,0.693,0.0,-0.4767
0.262,0.738,0.0,-0.4939
0.0,1.0,0.0,0.0
0.0,1.0,0.0,0.0
0.0,1.0,0.0,0.0
0.0,0.684,0.316,0.5719
0.39,0.61,0.0,-0.4939
0.0,1.0,0.0,0.0
0.0,1.0,0.0,0.0
0.0,1.0,0.0,0.0
0.0,0.854,0.146,0.4404
0.241,0.759,0.0,-0.5423
0.0,1.0,0.0,0.0
0.0,1.0,0.0,0.0
0.0,1.0,0.0,0.0
0.0,1.0,0.0,0.0
0.121,0.421,0.458,0.802
0.32,0.68,0.0,-0.5106
0.0,1.0,0.0,0.0
0.0,1.0,0.0,0.0
0.0,0.619,0.381,0.5719
0.0,1.0,0.0,0.0
0.0,1.0,0.0,0.0
0.184,0.816,0.0,-0.2023
0.248,0.752,0.0,-0.5106
0.0,0.711,0.289,0.6908
0.0,0.732,0.268,0.5106
0.449,0.551,0.0,-0.891
0.132,0.747,0.121,-0.0516
0.0,0.737,0.263,0.3612
0.0,1.0,0.0,0.0
0.0,1.0,0.0,0.0
0.0,1.0,0.0,0.0
0.29,0.71,0.0,-0.6705
0.0,1.0,0.0,0.0
0.0,1.0,0.0,0.0
0.0,1.0,0.0,0.0
0.0,1.0,0.0,0.0
0.0,1.0,0.0,0.0
0.0,1.0,0.0,0.0
0.0,0.804,0.196,0.5994
0.0,1.0,0.0,0.0
0.0,1.0,0.0,0.0
0.114,0.742,0.144,0.1779
0.0,0.833,0.167,0.6369
0.0,1.0,0.0,0.0
0.0,1.0,0.0,0.0
0.0,0.833,0.167,0.4939
0.0,1.0,0.0,0.0
0.198,0.802,0.0,-0.4939
0.0,1.0,0.0,0.0
0.266,0.734,0.0,-0.6908
0.412,0.588,0.0,-0.743
0.315,0.685,0.0,-0.3182
0.155,0.845,0.0,-0.296
0.0,1.0,0.0,0.0
0.186,0.814,0.0,-0.1531
0.0,1.0,0.0,0.0
0.0,1.0,0.0,0.0
0.242,0.758,0.0,-0.1531
0.219,0.781,0.0,-0.4215
0.155,0.777,0.068,-0.4215
0.0,1.0,0.0,0.0
0.0,0.84,0.16,0.2263
0.128,0.872,0.0,-0.2263
0.0,0.744,0.256,0.7351
0.0,1.0,0.0,0.0
0.0,1.0,0.0,0.0
0.0,0.81,0.19,0.6597
0.0,1.0,0.0,0.0
0.0,1.0,0.0,0.0
0.235,0.644,0.121,-0.4588
0.0,1.0,0.0,0.0
0.0,1.0,0.0,0.0
0.164,0.836,0.0,-0.6908
0.0,1.0,0.0,0.0
0.0,1.0,0.0,0.0
0.485,0.515,0.0,-0.765
0.0,1.0,0.0,0.0
0.0,1.0,0.0,0.0
0.0,1.0,0.0,0.0
0.0,1.0,0.0,0.0
0.0,1.0,0.0,0.0
0.0,1.0,0.0,0.0
0.163,0.837,0.0,-0.5106
0.068,0.859,0.073,0.0516
0.081,0.902,0.016,-0.6718
0.0,1.0,0.0,0.0
0.243,0.757,0.0,-0.6705
0.318,0.473,0.209,-0.3818
0.077,0.923,0.0,-0.25
0.102,0.772,0.126,0.1531
0.0,1.0,0.0,0.0
0.0,1.0,0.0,0.0
0.0,1.0,0.0,0.0
0.0,1.0,0.0,0.0
0.262,0.738,0.0,-0.4939
0.636,0.364,0.0,-0.5423
0.0,1.0,0.0,0.0
0.064,0.52,0.416,0.7269
0.0,1.0,0.0,0.0
0.211,0.789,0.0,-0.4939
0.0,1.0,0.0,0.0
0.167,0.833,0.0,-0.5261
0.0,1.0,0.0,0.0
0.0,1.0,0.0,0.0
0.0,1.0,0.0,0.0
0.111,0.889,0.0,-0.6249
0.0,0.91,0.09,0.3327
0.0,1.0,0.0,0.0
0.071,0.929,0.0,-0.296
0.0,0.686,0.314,0.4939
0.293,0.707,0.0,-0.8515
0.0,1.0,0.0,0.0
0.474,0.526,0.0,-0.6597
0.0,0.859,0.141,0.3182
0.0,1.0,0.0,0.0
0.0,1.0,0.0,0.0
0.144,0.541,0.315,0.4215
0.0,0.933,0.067,0.3182
0.0,0.784,0.216,0.296
0.189,0.811,0.0,-0.4215
0.222,0.778,0.0,-0.5938
0.296,0.704,0.0,-0.743
0.0,1.0,0.0,0.0
0.0,1.0,0.0,0.0
0.062,0.938,0.0,-0.0516
0.0,1.0,0.0,0.0
0.242,0.629,0.129,-0.2415
0.115,0.885,0.0,-0.296
0.0,1.0,0.0,0.0
0.254,0.746,0.0,-0.34
0.0,1.0,0.0,0.0
0.288,0.641,0.071,-0.6597
0.0,1.0,0.0,0.0
0.0,0.859,0.141,0.6249
0.0,1.0,0.0,0.0
0.0,1.0,0.0,0.0
0.0,0.932,0.068,0.0258
0.156,0.844,0.0,-0.34
0.0,1.0,0.0,0.0
0.0,0.806,0.194,0.6249
0.081,0.839,0.081,0.0
0.072,0.815,0.113,0.0772
0.076,0.889,0.035,-0.3182
0.0,1.0,0.0,0.0
0.237,0.611,0.153,-0.2732
0.286,0.714,0.0,-0.4939
0.0,0.769,0.231,0.4019
0.0,0.881,0.119,0.2263
0.0,0.885,0.115,0.0772
0.24,0.76,0.0,-0.7184
0.0,1.0,0.0,0.0
0.24,0.76,0.0,-0.6249
0.0,1.0,0.0,0.0
0.0,0.874,0.126,0.0772
0.057,0.943,0.0,-0.0516
0.0,1.0,0.0,0.0
0.255,0.745,0.0,-0.7579
0.119,0.881,0.0,-0.7269
0.0,0.936,0.064,0.2263
0.0,1.0,0.0,0.0
0.0,1.0,0.0,0.0
0.0,1.0,0.0,0.0
0.227,0.773,0.0,-0.6124
0.0,0.79,0.21,0.836
0.0,1.0,0.0,0.0
0.0,0.87,0.13,0.34
0.126,0.874,0.0,-0.3182
0.0,1.0,0.0,0.0
0.0,0.886,0.114,0.4019
0.0,0.922,0.078,0.0258
0.0,1.0,0.0,0.0
0.0,1.0,0.0,0.0
0.072,0.776,0.152,0.4404
0.052,0.862,0.086,0.2263
0.0,0.75,0.25,0.25
0.0,1.0,0.0,0.0
0.0,1.0,0.0,0.0
0.085,0.813,0.101,0.101
0.0,0.815,0.185,0.7003
0.0,1.0,0.0,0.0
0.0,1.0,0.0,0.0
0.0,0.766,0.234,0.6369
0.0,1.0,0.0,0.0
0.31,0.69,0.0,-0.5574
0.116,0.884,0.0,-0.2732
0.242,0.758,0.0,-0.4939
0.0,0.722,0.278,0.4019
0.144,0.856,0.0,-0.4939
0.0,1.0,0.0,0.0
0.0,0.753,0.247,0.5574
0.0,1.0,0.0,0.0
0.0,1.0,0.0,0.0
0.128,0.872,0.0,-0.296
0.394,0.606,0.0,-0.5994
0.0,1.0,0.0,0.0
0.0,1.0,0.0,0.0
0.262,0.738,0.0,-0.5584
0.0,1.0,0.0,0.0
0.0,1.0,0.0,0.0
0.0,0.902,0.098,0.34
0.0,0.87,0.13,0.5574
0.0,0.888,0.112,0.1326
0.0,0.904,0.096,0.2057
0.285,0.684,0.031,-0.9153
0.0,0.829,0.171,0.5106
0.218,0.68,0.102,-0.5267
0.113,0.75,0.137,0.1531
0.0,1.0,0.0,0.0
0.0,1.0,0.0,0.0
0.153,0.69,0.158,0.0258
0.0,1.0,0.0,0.0
0.219,0.781,0.0,-0.4215
0.0,1.0,0.0,0.0
0.0,1.0,0.0,0.0
0.271,0.729,0.0,-0.836
0.051,0.85,0.099,0.2561
0.04,0.897,0.063,0.2263
0.0,1.0,0.0,0.0
0.054,0.821,0.125,0.5893
0.0,1.0,0.0,0.0
0.0,0.825,0.175,0.5574
0.213,0.701,0.085,-0.4939
0.146,0.854,0.0,-0.34
0.358,0.642,0.0,-0.5994
0.209,0.698,0.093,-0.3612
0.0,1.0,0.0,0.0
0.0,1.0,0.0,0.0
0.0,1.0,0.0,0.0
0.0,0.893,0.107,0.1139
0.059,0.844,0.097,0.2023
0.0,1.0,0.0,0.0
0.0,1.0,0.0,0.0
0.0,1.0,0.0,0.0
0.0,0.926,0.074,0.0516
0.0,0.787,0.213,0.4215
0.0,1.0,0.0,0.0
0.0,1.0,0.0,0.0
0.0,0.706,0.294,0.6124
0.103,0.774,0.123,0.1779
0.0,0.748,0.252,0.4019
0.113,0.887,0.0,-0.3182
0.0,0.963,0.037,0.128
0.056,0.819,0.125,0.3818
0.0,1.0,0.0,0.0
0.0,0.875,0.125,0.25
0.149,0.851,0.0,-0.2732
0.194,0.806,0.0,-0.34
0.325,0.675,0.0,-0.6486
0.167,0.833,0.0,-0.4939
0.0,1.0,0.0,0.0
0.0,1.0,0.0,0.0
0.106,0.894,0.0,-0.3818
0.073,0.854,0.073,0.0
0.301,0.699,0.0,-0.6486
0.144,0.722,0.133,-0.0516
0.0,0.87,0.13,0.2732
0.0,0.808,0.192,0.2263
0.0,0.853,0.147,0.2263
0.194,0.806,0.0,-0.5574
0.194,0.806,0.0,-0.7906
0.0,0.706,0.294,0.3612
0.255,0.745,0.0,-0.6249
0.151,0.673,0.176,-0.0516
0.1,0.696,0.204,0.34
0.0,1.0,0.0,0.0
0.0,0.867,0.133,0.3182
0.286,0.714,0.0,-0.4939
0.0,1.0,0.0,0.0
0.0,1.0,0.0,0.0
0.066,0.832,0.103,0.1779
0.0,0.888,0.112,0.5095
0.0,0.609,0.391,0.5423
0.0,1.0,0.0,0.0
0.0,1.0,0.0,0.0
0.0,1.0,0.0,0.0
0.211,0.789,0.0,-0.4939
0.073,0.927,0.0,-0.296
0.0,1.0,0.0,0.0
0.187,0.813,0.0,-0.3182
0.0,0.789,0.211,0.34
0.188,0.812,0.0,-0.4588
0.084,0.916,0.0,-0.296
0.0,1.0,0.0,0.0
0.0,1.0,0.0,0.0
0.0,1.0,0.0,0.0
0.389,0.611,0.0,-0.8807
0.104,0.896,0.0,-0.296
0.15,0.798,0.052,-0.4767
0.192,0.808,0.0,-0.6597
0.07,0.792,0.138,0.3182
0.0,0.733,0.267,0.6249
0.038,0.911,0.051,0.1531
0.187,0.813,0.0,-0.3182
0.0,1.0,0.0,0.0
0.0,0.892,0.108,0.3182
0.0,1.0,0.0,0.0
0.157,0.843,0.0,-0.4215
0.0,1.0,0.0,0.0
0.11,0.732,0.159,0.2023
0.0,1.0,0.0,0.0
0.145,0.855,0.0,-0.296
0.0,0.759,0.241,0.4215
0.0,0.82,0.18,0.5106
0.0,1.0,0.0,0.0
0.189,0.811,0.0,-0.5411
0.0,1.0,0.0,0.0
0.0,0.723,0.277,0.7579
0.0,1.0,0.0,0.0
0.0,0.745,0.255,0.5859
0.0,0.795,0.205,0.5574
0.176,0.824,0.0,-0.4939
0.14,0.86,0.0,-0.4767
0.0,1.0,0.0,0.0
0.0,0.645,0.355,0.5106
0.0,0.818,0.182,0.25
0.081,0.808,0.111,0.2263
0.0,0.852,0.148,0.3818
0.0,0.72,0.28,0.7506
0.0,0.682,0.318,0.4215
0.0,1.0,0.0,0.0
0.0,0.708,0.292,0.5106
0.0,0.912,0.088,0.34
0.0,1.0,0.0,0.0
0.394,0.606,0.0,-0.7579
0.15,0.796,0.053,-0.4939
0.0,0.867,0.133,0.25
0.184,0.816,0.0,-0.5423
0.15,0.85,0.0,-0.3182
0.0,0.714,0.286,0.5574
0.176,0.824,0.0,-0.4588
0.0,1.0,0.0,0.0
0.0,1.0,0.0,0.0
0.12,0.677,0.203,0.2732
0.106,0.894,0.0,-0.4939
0.0,1.0,0.0,0.0
0.0,0.748,0.252,0.4019
0.116,0.741,0.143,0.128
0.11,0.808,0.083,-0.2134
0.0,0.725,0.275,0.4215
0.174,0.826,0.0,-0.2263
0.0,1.0,0.0,0.0
0.0,0.787,0.213,0.4019
0.0,1.0,0.0,0.0
0.36,0.64,0.0,-0.6705
0.0,0.838,0.162,0.4019
0.307,0.693,0.0,-0.4767
0.0,0.667,0.333,0.9095
0.129,0.871,0.0,-0.4767
0.139,0.861,0.0,-0.6908
0.0,0.858,0.142,0.5106
0.118,0.591,0.29,0.4939
0.0,1.0,0.0,0.0
0.106,0.894,0.0,-0.2263
0.0,1.0,0.0,0.0
0.113,0.887,0.0,-0.1027
0.0,1.0,0.0,0.0
0.0,1.0,0.0,0.0
0.0,1.0,0.0,0.0
0.0,1.0,0.0,0.0
0.0,1.0,0.0,0.0
0.416,0.584,0.0,-0.6908
0.118,0.882,0.0,-0.1531
0.271,0.581,0.148,-0.2263
0.0,0.837,0.163,0.4404
0.0,0.856,0.144,0.4939
0.0,1.0,0.0,0.0
0.0,0.907,0.093,0.5719
0.072,0.871,0.057,-0.1531
0.055,0.719,0.226,0.6124
0.081,0.797,0.122,0.3612
0.0,1.0,0.0,0.0
0.0,1.0,0.0,0.0
0.0,1.0,0.0,0.0
0.065,0.935,0.0,-0.2732
0.0,1.0,0.0,0.0
0.0,0.897,0.103,0.5719
0.0,1.0,0.0,0.0
0.0,0.688,0.312,0.7096
0.256,0.744,0.0,-0.6705
0.118,0.882,0.0,-0.4939
0.0,1.0,0.0,0.0
0.0,1.0,0.0,0.0
0.0,0.87,0.13,0.2732
0.198,0.802,0.0,-0.4939
0.0,0.805,0.195,0.4404
0.0,1.0,0.0,0.0
0.0,1.0,0.0,0.0
0.0,0.808,0.192,0.2263
0.0,1.0,0.0,0.0
0.0,1.0,0.0,0.0
0.0,1.0,0.0,0.0
0.0,1.0,0.0,0.0
0.0,1.0,0.0,0.0
0.0,1.0,0.0,0.0
0.0,1.0,0.0,0.0
0.0,1.0,0.0,0.0
0.0,0.783,0.217,0.5574
0.0,1.0,0.0,0.0
0.231,0.769,0.0,-0.5574
0.0,0.828,0.172,0.4019
0.225,0.775,0.0,-0.4939
0.0,1.0,0.0,0.0
0.0,1.0,0.0,0.0
0.0,1.0,0.0,0.0
0.37,0.63,0.0,-0.6908
0.0,0.698,0.302,0.0772
0.18,0.82,0.0,-0.296
0.0,1.0,0.0,0.0
0.0,1.0,0.0,0.0
0.0,0.881,0.119,0.4019
0.141,0.859,0.0,-0.3875
0.255,0.745,0.0,-0.6249
0.176,0.824,0.0,-0.4939
0.0,1.0,0.0,0.0
0.132,0.868,0.0,-0.4939
0.0,1.0,0.0,0.0
0.0,1.0,0.0,0.0
0.0,1.0,0.0,0.0
0.078,0.85,0.072,-0.0258
0.0,1.0,0.0,0.0
0.0,0.852,0.148,0.5719
0.0,1.0,0.0,0.0
0.0,1.0,0.0,0.0
0.0,0.714,0.286,0.5574
0.154,0.846,0.0,-0.4767
0.194,0.806,0.0,-0.5574
0.423,0.577,0.0,-0.5267
0.191,0.809,0.0,-0.3818
0.342,0.658,0.0,-0.6369
0.0,0.631,0.369,0.4767
0.545,0.455,0.0,-0.5859
0.0,0.821,0.179,0.7506
0.0,1.0,0.0,0.0
0.282,0.565,0.153,-0.3818
0.0,1.0,0.0,0.0
0.0,0.756,0.244,0.4404
0.0,0.828,0.172,0.7003
0.159,0.78,0.061,-0.5994
0.087,0.913,0.0,-0.296
0.0,1.0,0.0,0.0
0.0,1.0,0.0,0.0
0.241,0.759,0.0,-0.2263
0.0,1.0,0.0,0.0
0.0,0.856,0.144,0.4019
0.0,1.0,0.0,0.0
0.128,0.872,0.0,-0.296
0.0,1.0,0.0,0.0
0.0,1.0,0.0,0.0
0.211,0.789,0.0,-0.1531
0.0,0.912,0.088,0.3818
0.412,0.588,0.0,-0.5423
0.0,0.769,0.231,0.5106
0.185,0.504,0.311,0.3612
0.224,0.776,0.0,-0.3818
0.0,1.0,0.0,0.0
0.0,1.0,0.0,0.0
0.087,0.913,0.0,-0.296
0.0,1.0,0.0,0.0
0.167,0.833,0.0,-0.25
0.0,1.0,0.0,0.0
0.0,0.732,0.268,0.5106
0.0,1.0,0.0,0.0
0.0,1.0,0.0,0.0
0.273,0.727,0.0,-0.4588
0.0,1.0,0.0,0.0
0.0,1.0,0.0,0.0
0.439,0.561,0.0,-0.6908
0.193,0.807,0.0,-0.4767
0.0,1.0,0.0,0.0
0.091,0.909,0.0,-0.34
0.461,0.539,0.0,-0.7717
0.079,0.921,0.0,-0.1154
0.0,0.733,0.267,0.6249
0.228,0.772,0.0,-0.7579
0.392,0.417,0.192,-0.5267
0.197,0.803,0.0,-0.4019
0.0,1.0,0.0,0.0
0.0,1.0,0.0,0.0
0.0,1.0,0.0,0.0
0.116,0.884,0.0,-0.3612
0.0,1.0,0.0,0.0
0.236,0.764,0.0,-0.5719
0.0,1.0,0.0,0.0
0.0,0.693,0.307,0.4767
0.0,1.0,0.0,0.0
0.0,1.0,0.0,0.0
0.0,1.0,0.0,0.0
0.177,0.823,0.0,-0.4215
0.157,0.843,0.0,-0.3818
0.0,0.879,0.121,0.0258
0.159,0.464,0.377,0.5106
0.207,0.701,0.092,-0.5313
0.0,1.0,0.0,0.0
0.0,1.0,0.0,0.0
0.0,0.948,0.052,0.0258
0.158,0.842,0.0,-0.4939
0.0,1.0,0.0,0.0
0.0,1.0,0.0,0.0
0.0,0.909,0.091,0.0772
0.0,0.934,0.066,0.34
0.0,0.892,0.108,0.3182
0.096,0.836,0.069,-0.2263
0.0,0.681,0.319,0.7845
0.191,0.809,0.0,-0.3818
0.158,0.842,0.0,-0.128
0.0,1.0,0.0,0.0
0.109,0.891,0.0,-0.3447
0.0,1.0,0.0,0.0
0.0,1.0,0.0,0.0
0.0,1.0,0.0,0.0
0.0,1.0,0.0,0.0
0.135,0.865,0.0,-0.4215
0.0,0.909,0.091,0.0772
0.0,1.0,0.0,0.0
0.0,1.0,0.0,0.0
0.0,1.0,0.0,0.0
0.0,1.0,0.0,0.0
0.0,0.777,0.223,0.6808
0.0,1.0,0.0,0.0
0.0,1.0,0.0,0.0
0.0,1.0,0.0,0.0
0.0,1.0,0.0,0.0
0.528,0.472,0.0,-0.6808
0.0,1.0,0.0,0.0
0.459,0.541,0.0,-0.5267
0.0,0.772,0.228,0.7506
0.0,1.0,0.0,0.0
0.191,0.809,0.0,-0.3818
0.187,0.663,0.151,-0.1531
0.0,1.0,0.0,0.0
0.204,0.796,0.0,-0.6249
0.0,1.0,0.0,0.0
0.198,0.802,0.0,-0.4939
0.0,1.0,0.0,0.0
0.0,1.0,0.0,0.0
0.0,0.755,0.245,0.3818
0.0,0.893,0.107,0.34
0.0,0.777,0.223,0.3182
0.073,0.856,0.07,-0.0258
0.17,0.83,0.0,-0.3089
0.242,0.758,0.0,-0.4939
0.188,0.684,0.128,-0.5267
0.0,1.0,0.0,0.0
0.084,0.916,0.0,-0.2732
0.0,0.952,0.048,0.0258
0.144,0.856,0.0,-0.4939
0.138,0.862,0.0,-0.4588
0.0,1.0,0.0,0.0
0.0,1.0,0.0,0.0
0.252,0.748,0.0,-0.5719
0.153,0.847,0.0,-0.4019
0.0,0.864,0.136,0.296
0.196,0.804,0.0,-0.296
0.244,0.756,0.0,-0.4404
0.0,1.0,0.0,0.0
0.0,0.748,0.252,0.4019
0.444,0.556,0.0,-0.4939
0.0,1.0,0.0,0.0
0.0,0.794,0.206,0.0772
0.0,1.0,0.0,0.0
0.098,0.795,0.106,0.0516
0.0,1.0,0.0,0.0
0.0,0.87,0.13,0.34
0.0,0.789,0.211,0.4588
0.0,1.0,0.0,0.0
0.0,0.816,0.184,0.4019
0.0,1.0,0.0,0.0
0.0,1.0,0.0,0.0
0.0,1.0,0.0,0.0
0.115,0.885,0.0,-0.3818
0.0,1.0,0.0,0.0
0.0,0.842,0.158,0.5719
0.0,1.0,0.0,0.0
0.0,0.915,0.085,0.34
0.0,1.0,0.0,0.0
0.094,0.809,0.098,0.0258
0.0,0.69,0.31,0.4019
0.0,0.888,0.112,0.2263
0.2,0.8,0.0,-0.8591
0.262,0.738,0.0,-0.5994
0.0,1.0,0.0,0.0
0.0,1.0,0.0,0.0
0.0,0.895,0.105,0.5106
0.265,0.735,0.0,-0.2023
0.173,0.827,0.0,-0.3182
0.117,0.723,0.16,-0.0772
0.0,1.0,0.0,0.0
0.183,0.686,0.131,-0.2263
0.0,0.851,0.149,0.4215
0.0,0.643,0.357,0.6249
0.0,1.0,0.0,0.0
0.18,0.82,0.0,-0.296
0.0,1.0,0.0,0.0
0.0,0.581,0.419,0.5574
0.0,1.0,0.0,0.0
0.0,1.0,0.0,0.0
0.0,1.0,0.0,0.0
0.0,1.0,0.0,0.0
0.0,1.0,0.0,0.0
0.0,1.0,0.0,0.0
0.13,0.87,0.0,-0.2023
0.222,0.778,0.0,-0.25
0.327,0.673,0.0,-0.703
0.0,1.0,0.0,0.0
0.198,0.802,0.0,-0.6908
0.0,1.0,0.0,0.0
0.319,0.604,0.077,-0.6597
0.262,0.738,0.0,-0.4939
0.131,0.732,0.137,0.033
0.194,0.683,0.123,-0.5574
0.0,0.924,0.076,0.3182
0.17,0.723,0.108,-0.636
0.0,1.0,0.0,0.0
0.123,0.877,0.0,-0.4215
0.0,0.741,0.259,0.4215
0.0,1.0,0.0,0.0
0.0,0.925,0.075,0.0772
0.0,1.0,0.0,0.0
0.0,0.602,0.398,0.3182
0.0,0.625,0.375,0.5574
0.0,1.0,0.0,0.0
0.145,0.855,0.0,-0.296
0.081,0.919,0.0,-0.3182
0.0,1.0,0.0,0.0
0.0,1.0,0.0,0.0
0.0,1.0,0.0,0.0
0.37,0.63,0.0,-0.6908
0.0,0.916,0.084,0.0258
0.314,0.686,0.0,-0.4939
0.176,0.687,0.137,-0.2263
0.0,0.698,0.302,0.3818
0.0,1.0,0.0,0.0
0.0,0.915,0.085,0.1027
0.0,0.952,0.048,0.0258
0.0,0.894,0.106,0.2263
0.0,0.748,0.252,0.4019
0.0,1.0,0.0,0.0
0.262,0.738,0.0,-0.4939
0.419,0.581,0.0,-0.7574
0.0,1.0,0.0,0.0
0.0,1.0,0.0,0.0
0.098,0.902,0.0,-0.3818
0.0,0.916,0.084,0.3182
0.173,0.827,0.0,-0.3182
0.0,0.941,0.059,0.3182
0.136,0.864,0.0,-0.296
0.0,1.0,0.0,0.0
0.0,1.0,0.0,0.0
0.0,0.783,0.217,0.3612
0.398,0.602,0.0,-0.6486
0.0,1.0,0.0,0.0
0.097,0.903,0.0,-0.1027
0.0,1.0,0.0,0.0
0.0,1.0,0.0,0.0
0.078,0.819,0.103,0.1779
0.0,1.0,0.0,0.0
0.182,0.818,0.0,-0.25
0.0,1.0,0.0,0.0
0.0,0.928,0.072,0.1027
0.307,0.693,0.0,-0.4767
0.184,0.816,0.0,-0.2023
0.0,1.0,0.0,0.0
0.0,0.867,0.133,0.3818
0.157,0.843,0.0,-0.3818
0.31,0.69,0.0,-0.5574
0.0,1.0,0.0,0.0
0.064,0.936,0.0,-0.2315
0.0,1.0,0.0,0.0
0.0,1.0,0.0,0.0
0.0,1.0,0.0,0.0
0.262,0.738,0.0,-0.4939
0.0,0.827,0.173,0.3182
0.163,0.837,0.0,-0.5106
0.237,0.763,0.0,-0.4767
0.099,0.901,0.0,-0.296
0.0,1.0,0.0,0.0
0.0,1.0,0.0,0.0
0.0,1.0,0.0,0.0
0.0,0.686,0.314,0.4939
0.162,0.769,0.069,-0.5423
0.301,0.699,0.0,-0.5106
0.0,1.0,0.0,0.0
0.341,0.659,0.0,-0.7351
0.141,0.859,0.0,-0.2023
0.0,0.84,0.16,0.4215
0.046,0.891,0.063,0.1531
0.0,1.0,0.0,0.0
0.0,1.0,0.0,0.0
0.0,0.634,0.366,0.4939
0.155,0.534,0.311,0.4939
0.0,1.0,0.0,0.0
0.286,0.714,0.0,-0.5859
0.056,0.794,0.15,0.4939
0.168,0.757,0.076,-0.4019
0.0,0.793,0.207,0.5719
0.195,0.805,0.0,-0.5256
0.145,0.633,0.222,0.1779
0.0,0.753,0.247,0.3182
0.0,0.519,0.481,0.6705
0.0,1.0,0.0,0.0
0.0,0.87,0.13,0.4404
0.402,0.598,0.0,-0.6908
0.202,0.698,0.101,-0.0772
0.053,0.763,0.183,0.7003
0.278,0.609,0.113,-0.4404
0.225,0.775,0.0,-0.4939
0.0,0.901,0.099,0.0258
0.0,0.794,0.206,0.4404
0.0,1.0,0.0,0.0
0.0,1.0,0.0,0.0
0.0,1.0,0.0,0.0
0.0,1.0,0.0,0.0
0.107,0.736,0.157,0.128
0.059,0.732,0.208,0.6486
0.119,0.881,0.0,-0.3182
0.315,0.685,0.0,-0.7845
0.0,0.738,0.262,0.4939
0.0,1.0,0.0,0.0
0.286,0.714,0.0,-0.4939
0.0,1.0,0.0,0.0
0.0,1.0,0.0,0.0
0.0,1.0,0.0,0.0
0.0,1.0,0.0,0.0
0.0,1.0,0.0,0.0
0.0,0.803,0.197,0.4019
0.211,0.789,0.0,-0.4939
0.051,0.949,0.0,-0.2732
0.0,1.0,0.0,0.0
0.0,0.807,0.193,0.3875
0.455,0.545,0.0,-0.8176
0.0,0.81,0.19,0.7579
0.118,0.882,0.0,-0.6908
0.0,1.0,0.0,0.0
0.291,0.709,0.0,-0.5719
0.452,0.548,0.0,-0.765
0.0,1.0,0.0,0.0
0.0,1.0,0.0,0.0
0.355,0.645,0.0,-0.296
0.091,0.909,0.0,-0.2263
0.0,0.732,0.268,0.5106
0.196,0.804,0.0,-0.296
0.143,0.659,0.198,0.25
0.217,0.725,0.058,-0.6486
0.0,0.594,0.406,0.4767
0.182,0.818,0.0,-0.25
0.033,0.946,0.022,-0.1486
0.0,1.0,0.0,0.0
0.0,0.877,0.123,0.1027
0.205,0.621,0.174,-0.128
0.0,0.8,0.2,0.25
0.0,0.741,0.259,0.2732
0.265,0.735,0.0,-0.5574
0.0,1.0,0.0,0.0
0.429,0.571,0.0,-0.6705
0.0,1.0,0.0,0.0
0.185,0.815,0.0,-0.3612
0.298,0.702,0.0,-0.5256
0.0,1.0,0.0,0.0
0.0,1.0,0.0,0.0
0.186,0.814,0.0,-0.4939
0.0,1.0,0.0,0.0
0.0,1.0,0.0,0.0
0.0,1.0,0.0,0.0
0.0,0.901,0.099,0.0258
0.328,0.672,0.0,-0.5994
0.0,1.0,0.0,0.0
0.0,0.777,0.223,0.3182
0.0,1.0,0.0,0.0
0.0,0.794,0.206,0.0772
0.0,1.0,0.0,0.0
0.0,1.0,0.0,0.0
0.0,0.858,0.142,0.5106
0.0,1.0,0.0,0.0
0.0,0.64,0.36,0.5423
0.0,1.0,0.0,0.0
0.0,0.857,0.143,0.25
0.0,1.0,0.0,0.0
0.242,0.758,0.0,-0.4939
0.0,1.0,0.0,0.0
0.0,1.0,0.0,0.0
0.115,0.885,0.0,-0.0772
0.0,0.755,0.245,0.0772
0.0,1.0,0.0,0.0
0.0,0.899,0.101,0.2263
0.264,0.736,0.0,-0.6486
0.345,0.605,0.05,-0.8519
0.0,1.0,0.0,0.0
0.0,1.0,0.0,0.0
0.0,1.0,0.0,0.0
0.189,0.811,0.0,-0.1027
0.179,0.821,0.0,-0.5859
0.286,0.714,0.0,-0.4939
0.0,1.0,0.0,0.0
0.0,0.825,0.175,0.1779
0.0,1.0,0.0,0.0
0.0,0.909,0.091,0.3182
0.156,0.732,0.112,-0.2263
0.0,1.0,0.0,0.0
0.0,1.0,0.0,0.0
0.217,0.566,0.217,0.0
0.0,0.849,0.151,0.4939
0.0,1.0,0.0,0.0
0.0,1.0,0.0,0.0
0.425,0.575,0.0,-0.7506
0.0,0.855,0.145,0.34
0.0,0.784,0.216,0.5106
0.286,0.714,0.0,-0.4939
0.0,0.69,0.31,0.5574
0.344,0.538,0.118,-0.4767
0.0,1.0,0.0,0.0
0.0,1.0,0.0,0.0
0.0,1.0,0.0,0.0
0.0,1.0,0.0,0.0
0.0,1.0,0.0,0.0
0.0,1.0,0.0,0.0
0.485,0.515,0.0,-0.6908
0.0,1.0,0.0,0.0
0.0,1.0,0.0,0.0
0.39,0.61,0.0,-0.4939
0.238,0.476,0.286,-0.128
0.0,0.69,0.31,0.3818
0.0,0.597,0.403,0.4019
0.0,0.753,0.247,0.3182
0.0,0.879,0.121,0.296
0.405,0.595,0.0,-0.7783
0.468,0.532,0.0,-0.8689
0.257,0.743,0.0,-0.6369
0.0,0.769,0.231,0.5574
0.258,0.742,0.0,-0.765
0.0,0.927,0.073,0.0258
0.0,0.781,0.219,0.4215
0.0,0.865,0.135,0.4215
0.398,0.602,0.0,-0.6486
0.275,0.725,0.0,-0.2263
0.0,1.0,0.0,0.0
0.0,1.0,0.0,0.0
0.371,0.629,0.0,-0.7096
0.0,1.0,0.0,0.0
0.0,1.0,0.0,0.0
0.0,1.0,0.0,0.0
0.0,0.854,0.146,0.5574
0.0,1.0,0.0,0.0
0.14,0.86,0.0,-0.6369
0.342,0.658,0.0,-0.3818
0.28,0.57,0.15,-0.3612
0.22,0.569,0.211,-0.0258
0.474,0.526,0.0,-0.4019
0.258,0.742,0.0,-0.7096
0.0,1.0,0.0,0.0
0.0,1.0,0.0,0.0
0.0,1.0,0.0,0.0
0.149,0.473,0.378,0.5267
0.222,0.778,0.0,-0.8934
0.0,0.909,0.091,0.4019
0.0,1.0,0.0,0.0
0.22,0.78,0.0,-0.4767
0.0,1.0,0.0,0.0
0.0,1.0,0.0,0.0
0.135,0.677,0.188,0.25
0.256,0.744,0.0,-0.4767
0.0,1.0,0.0,0.0
0.508,0.492,0.0,-0.7351
0.156,0.844,0.0,-0.5719
0.0,1.0,0.0,0.0
0.266,0.734,0.0,-0.6908
0.0,1.0,0.0,0.0
0.068,0.841,0.091,0.1779
0.0,0.929,0.071,0.3182
0.0,0.777,0.223,0.3182
0.0,1.0,0.0,0.0
0.342,0.658,0.0,-0.6369
0.168,0.611,0.221,0.1779
0.0,1.0,0.0,0.0
0.279,0.721,0.0,-0.4767
0.0,1.0,0.0,0.0
0.0,1.0,0.0,0.0
0.0,0.789,0.211,0.4939
0.0,0.69,0.31,0.5423
0.177,0.736,0.087,-0.4767
0.0,0.909,0.091,0.4019
0.0,1.0,0.0,0.0
0.0,1.0,0.0,0.0
0.0,1.0,0.0,0.0
0.0,1.0,0.0,0.0
0.225,0.775,0.0,-0.4939
0.0,1.0,0.0,0.0
0.0,0.881,0.119,0.3182
0.055,0.945,0.0,-0.1027
0.118,0.882,0.0,-0.25
0.0,1.0,0.0,0.0
0.277,0.723,0.0,-0.3182
0.186,0.814,0.0,-0.4939
0.0,1.0,0.0,0.0
0.0,1.0,0.0,0.0
0.102,0.898,0.0,-0.1779
0.0,0.856,0.144,0.4019
0.0,1.0,0.0,0.0
0.0,0.729,0.271,0.3818
0.0,0.796,0.204,0.3182
0.0,1.0,0.0,0.0
0.216,0.784,0.0,-0.296
0.0,1.0,0.0,0.0
0.0,1.0,0.0,0.0
0.0,1.0,0.0,0.0
0.0,1.0,0.0,0.0
0.0,0.76,0.24,0.6249
0.389,0.611,0.0,-0.6249
0.0,1.0,0.0,0.0
0.154,0.846,0.0,-0.25
0.0,1.0,0.0,0.0
0.0,0.698,0.302,0.3818
0.0,1.0,0.0,0.0
0.4,0.6,0.0,-0.6124
0.0,1.0,0.0,0.0
0.0,1.0,0.0,0.0
0.382,0.618,0.0,-0.7783
0.0,1.0,0.0,0.0
0.0,0.635,0.365,0.3182
0.0,1.0,0.0,0.0
0.213,0.787,0.0,-0.4215
0.0,1.0,0.0,0.0
0.0,1.0,0.0,0.0
0.0,1.0,0.0,0.0
0.0,1.0,0.0,0.0
0.136,0.733,0.132,-0.0258
0.0,1.0,0.0,0.0
0.0,1.0,0.0,0.0
0.315,0.604,0.081,-0.6705
0.202,0.798,0.0,-0.4215
0.0,1.0,0.0,0.0
0.294,0.706,0.0,-0.3612
0.13,0.772,0.098,-0.2023
0.0,1.0,0.0,0.0
0.0,1.0,0.0,0.0
0.0,1.0,0.0,0.0
0.467,0.533,0.0,-0.5423
0.0,1.0,0.0,0.0
0.0,0.854,0.146,0.0951
0.0,0.816,0.184,0.4019
0.0,0.922,0.078,0.0258
0.0,1.0,0.0,0.0
0.162,0.838,0.0,-0.4767
0.0,0.698,0.302,0.7783
0.0,1.0,0.0,0.0
0.0,1.0,0.0,0.0
0.0,1.0,0.0,0.0
0.0,1.0,0.0,0.0
0.0,1.0,0.0,0.0
0.0,1.0,0.0,0.0
0.0,0.894,0.106,0.0772
0.0,1.0,0.0,0.0
0.189,0.63,0.181,-0.0258
0.198,0.422,0.38,0.5106
0.0,1.0,0.0,0.0
0.0,1.0,0.0,0.0
0.0,0.784,0.216,0.5106
0.0,0.864,0.136,0.0258
0.216,0.784,0.0,-0.296
0.0,1.0,0.0,0.0
0.0,1.0,0.0,0.0
0.17,0.709,0.121,-0.1779
0.0,1.0,0.0,0.0
0.141,0.859,0.0,-0.3182
0.167,0.833,0.0,-0.34
0.194,0.806,0.0,-0.34
0.0,1.0,0.0,0.0
0.0,0.778,0.222,0.25
0.0,1.0,0.0,0.0
0.0,1.0,0.0,0.0
0.0,1.0,0.0,0.0
0.0,0.777,0.223,0.3182
0.0,1.0,0.0,0.0
0.0,1.0,0.0,0.0
0.0,1.0,0.0,0.0
0.242,0.632,0.126,-0.5106
0.0,0.874,0.126,0.3182
0.0,1.0,0.0,0.0
0.1,0.9,0.0,-0.6124
0.063,0.906,0.031,-0.3818
0.0,1.0,0.0,0.0
0.402,0.598,0.0,-0.6908
0.107,0.73,0.163,0.25
0.0,0.847,0.153,0.5423
0.23,0.441,0.328,0.25
0.198,0.802,0.0,-0.4939
0.262,0.738,0.0,-0.4404
0.0,0.714,0.286,0.4939
0.086,0.814,0.1,0.0772
0.0,1.0,0.0,0.0
0.0,0.873,0.127,0.3875
0.0,0.915,0.085,0.1027
0.0,1.0,0.0,0.0
0.0,1.0,0.0,0.0
0.0,0.85,0.15,0.3182
0.391,0.609,0.0,-0.6705
0.0,1.0,0.0,0.0
0.254,0.746,0.0,-0.5267
0.225,0.775,0.0,-0.4939
0.0,0.794,0.206,0.5994
0.0,1.0,0.0,0.0
0.0,1.0,0.0,0.0
0.136,0.864,0.0,-0.296
0.0,0.901,0.099,0.0258
0.0,0.714,0.286,0.4939
0.281,0.719,0.0,-0.6908
0.0,1.0,0.0,0.0
0.0,1.0,0.0,0.0
0.0,1.0,0.0,0.0
0.0,1.0,0.0,0.0
0.369,0.631,0.0,-0.6249
0.0,0.704,0.296,0.7096
0.0,1.0,0.0,0.0
0.0,1.0,0.0,0.0
0.0,1.0,0.0,0.0
0.0,1.0,0.0,0.0
0.239,0.597,0.164,-0.25
0.49,0.51,0.0,-0.8271
0.0,1.0,0.0,0.0
0.235,0.662,0.103,-0.4215
0.0,1.0,0.0,0.0
0.42,0.58,0.0,-0.7003
0.0,1.0,0.0,0.0
0.355,0.645,0.0,-0.6597
0.358,0.642,0.0,-0.5994
0.439,0.561,0.0,-0.6908
0.0,1.0,0.0,0.0
0.0,1.0,0.0,0.0
0.0,1.0,0.0,0.0
0.0,1.0,0.0,0.0
0.481,0.519,0.0,-0.7579
0.0,0.658,0.342,0.3818
0.288,0.583,0.129,-0.5859
0.0,0.732,0.268,0.5106
0.0,0.708,0.292,0.5106
0.0,1.0,0.0,0.0
0.0,1.0,0.0,0.0
0.439,0.561,0.0,-0.6908
0.0,0.839,0.161,0.3182
0.251,0.749,0.0,-0.6908
0.0,1.0,0.0,0.0
0.0,1.0,0.0,0.0
0.0,1.0,0.0,0.0
0.53,0.47,0.0,-0.836
0.0,1.0,0.0,0.0
0.0,0.813,0.187,0.3182
0.0,0.75,0.25,0.25
0.158,0.396,0.446,0.4404
0.21,0.491,0.299,0.25
0.0,1.0,0.0,0.0
0.0,0.621,0.379,0.6705
0.213,0.787,0.0,-0.4019
0.0,1.0,0.0,0.0
0.0,1.0,0.0,0.0
0.0,0.839,0.161,0.3182
0.0,1.0,0.0,0.0
0.0,0.839,0.161,0.3182
0.0,1.0,0.0,0.0
0.0,1.0,0.0,0.0
0.0,0.609,0.391,0.5423
0.059,0.798,0.144,0.3818
0.0,1.0,0.0,0.0
0.0,0.891,0.109,0.0258
0.0,1.0,0.0,0.0
0.0,0.808,0.192,0.2263
0.0,1.0,0.0,0.0
0.0,0.924,0.076,0.4939
0.0,1.0,0.0,0.0
0.167,0.833,0.0,-0.4939
0.0,0.777,0.223,0.3182
0.098,0.902,0.0,-0.0516
0.0,1.0,0.0,0.0
0.478,0.522,0.0,-0.7506
0.0,0.887,0.113,0.3182
0.0,1.0,0.0,0.0
0.39,0.61,0.0,-0.4939
0.0,1.0,0.0,0.0
0.0,0.764,0.236,0.5267
0.143,0.857,0.0,-0.5423
0.278,0.722,0.0,-0.6597
0.0,0.606,0.394,0.3818
0.0,0.894,0.106,0.3818
0.0,1.0,0.0,0.0
0.0,1.0,0.0,0.0
0.0,0.753,0.247,0.3182
0.211,0.789,0.0,-0.4939
0.0,0.909,0.091,0.0772
0.0,0.791,0.209,0.4404
0.0,1.0,0.0,0.0
0.194,0.806,0.0,-0.5574
0.189,0.811,0.0,-0.2732
0.344,0.656,0.0,-0.2732
0.0,1.0,0.0,0.0
0.242,0.758,0.0,-0.4939
0.0,1.0,0.0,0.0
0.0,1.0,0.0,0.0
0.0,1.0,0.0,0.0
0.0,1.0,0.0,0.0
0.0,0.82,0.18,0.5267
0.079,0.921,0.0,-0.4404
0.461,0.539,0.0,-0.8271
0.423,0.577,0.0,-0.765
0.0,1.0,0.0,0.0
0.205,0.795,0.0,-0.4767
0.28,0.72,0.0,-0.5423
0.0,1.0,0.0,0.0
0.0,0.875,0.125,0.25
0.0,1.0,0.0,0.0
0.0,1.0,0.0,0.0
0.0,1.0,0.0,0.0
0.0,1.0,0.0,0.0
0.0,0.645,0.355,0.5267
0.31,0.69,0.0,-0.6597
0.0,1.0,0.0,0.0
0.177,0.823,0.0,-0.7964
0.0,1.0,0.0,0.0
0.0,1.0,0.0,0.0
0.0,1.0,0.0,0.0
0.398,0.602,0.0,-0.6486
0.0,1.0,0.0,0.0
0.223,0.777,0.0,-0.3182
0.0,1.0,0.0,0.0
0.0,0.761,0.239,0.296
0.0,1.0,0.0,0.0
0.314,0.686,0.0,-0.4939
0.217,0.783,0.0,-0.875
0.112,0.888,0.0,-0.5267
0.109,0.891,0.0,-0.296
0.254,0.746,0.0,-0.5267
0.543,0.457,0.0,-0.8591
0.169,0.831,0.0,-0.6908
0.0,1.0,0.0,0.0
0.104,0.823,0.073,-0.25
0.0,1.0,0.0,0.0
0.0,1.0,0.0,0.0
0.0,0.723,0.277,0.3182
0.0,0.858,0.142,0.4215
0.0,0.753,0.247,0.3818
0.0,1.0,0.0,0.0
0.138,0.862,0.0,-0.1531
0.0,0.862,0.138,0.34
0.0,1.0,0.0,0.0
0.0,0.723,0.277,0.3182
0.144,0.659,0.198,0.2263
0.0,1.0,0.0,0.0
0.0,1.0,0.0,0.0
0.151,0.849,0.0,-0.1531
0.0,0.887,0.113,0.3182
0.0,0.827,0.173,0.3182
0.0,1.0,0.0,0.0
0.0,1.0,0.0,0.0
0.0,1.0,0.0,0.0
0.0,1.0,0.0,0.0
0.28,0.72,0.0,-0.5423
0.0,1.0,0.0,0.0
0.35,0.65,0.0,-0.659
0.192,0.808,0.0,-0.6908
0.0,1.0,0.0,0.0
0.104,0.896,0.0,-0.296
0.34,0.66,0.0,-0.5574
0.158,0.727,0.115,-0.1779
0.0,1.0,0.0,0.0
0.0,1.0,0.0,0.0
0.167,0.833,0.0,-0.296
0.0,0.842,0.158,0.4939
0.0,1.0,0.0,0.0
0.317,0.612,0.072,-0.7783
0.147,0.791,0.062,-0.3612
0.172,0.699,0.129,-0.2023
0.0,1.0,0.0,0.0
0.0,1.0,0.0,0.0
0.0,1.0,0.0,0.0
0.216,0.784,0.0,-0.7732
0.0,1.0,0.0,0.0
0.217,0.783,0.0,-0.6908
0.0,0.824,0.176,0.4576
0.175,0.825,0.0,-0.5267
0.16,0.84,0.0,-0.8225
0.098,0.717,0.185,0.3182
0.0,1.0,0.0,0.0
0.316,0.684,0.0,-0.7184
0.0,1.0,0.0,0.0
0.097,0.806,0.097,0.0
0.175,0.825,0.0,-0.5574
0.0,0.854,0.146,0.34
0.225,0.698,0.076,-0.5377
0.185,0.756,0.059,-0.5187
0.0,0.859,0.141,0.3182
0.0,1.0,0.0,0.0
0.145,0.855,0.0,-0.296
0.0,0.769,0.231,0.4019
0.474,0.526,0.0,-0.6705
0.221,0.724,0.055,-0.8225
0.0,0.769,0.231,0.34
0.0,1.0,0.0,0.0
0.239,0.761,0.0,-0.296
0.529,0.471,0.0,-0.6705
0.223,0.777,0.0,-0.6486
0.0,0.645,0.355,0.5106
0.0,1.0,0.0,0.0
0.0,1.0,0.0,0.0
0.0,1.0,0.0,0.0
0.114,0.761,0.125,0.0516
0.207,0.793,0.0,-0.5267
0.196,0.804,0.0,-0.296
0.0,1.0,0.0,0.0
0.0,1.0,0.0,0.0
0.196,0.804,0.0,-0.296
0.188,0.744,0.068,-0.6124
0.105,0.431,0.464,0.7579
0.085,0.769,0.146,0.2023
0.0,1.0,0.0,0.0
0.381,0.619,0.0,-0.6486
0.155,0.845,0.0,-0.296
0.0,1.0,0.0,0.0
0.13,0.87,0.0,-0.8402
0.206,0.794,0.0,-0.3818
0.0,1.0,0.0,0.0
0.349,0.651,0.0,-0.8176
0.072,0.928,0.0,-0.2732
0.281,0.719,0.0,-0.5719
0.224,0.776,0.0,-0.3818
0.474,0.526,0.0,-0.6705
0.161,0.839,0.0,-0.6597
0.0,0.894,0.106,0.3818
0.175,0.825,0.0,-0.5574
0.0,0.571,0.429,0.25
0.277,0.638,0.085,-0.5719
0.0,1.0,0.0,0.0
0.0,1.0,0.0,0.0
0.0,1.0,0.0,0.0
0.0,1.0,0.0,0.0
0.127,0.717,0.155,0.1779
0.0,1.0,0.0,0.0
0.142,0.581,0.277,0.2732
0.398,0.602,0.0,-0.8625
0.31,0.69,0.0,-0.5574
0.0,1.0,0.0,0.0
0.0,1.0,0.0,0.0
0.405,0.595,0.0,-0.5267
0.108,0.892,0.0,-0.3182
0.0,1.0,0.0,0.0
0.0,0.845,0.155,0.296
0.251,0.749,0.0,-0.6908
0.0,1.0,0.0,0.0
0.0,1.0,0.0,0.0
0.0,0.874,0.126,0.3182
0.06,0.692,0.248,0.8126
0.136,0.864,0.0,-0.296
0.0,0.769,0.231,0.4939
0.0,1.0,0.0,0.0
0.0,1.0,0.0,0.0
0.0,1.0,0.0,0.0
0.375,0.625,0.0,-0.5574
0.0,0.867,0.133,0.3182
0.073,0.927,0.0,-0.296
0.05,0.95,0.0,-0.0516
0.205,0.795,0.0,-0.5574
0.0,0.885,0.115,0.0772
0.189,0.811,0.0,-0.7717
0.381,0.619,0.0,-0.6486
0.0,1.0,0.0,0.0
0.0,1.0,0.0,0.0
0.0,1.0,0.0,0.0
0.0,1.0,0.0,0.0
0.0,1.0,0.0,0.0
0.0,1.0,0.0,0.0
0.0,1.0,0.0,0.0
0.0,0.935,0.065,0.25
0.0,0.85,0.15,0.3182
0.072,0.782,0.147,0.3182
0.082,0.823,0.095,0.0772
0.0,0.927,0.073,0.3182
0.0,1.0,0.0,0.0
0.0,0.755,0.245,0.6705
0.079,0.921,0.0,-0.0516
0.194,0.806,0.0,-0.34
0.444,0.556,0.0,-0.4939
0.0,0.796,0.204,0.3182
0.0,0.852,0.148,0.7096
0.0,0.874,0.126,0.3182
0.0,1.0,0.0,0.0
0.0,0.778,0.222,0.25
0.164,0.718,0.118,0.0258
0.0,1.0,0.0,0.0
0.227,0.773,0.0,-0.6908
0.178,0.822,0.0,-0.5994
0.0,1.0,0.0,0.0
0.192,0.694,0.114,-0.4404
0.0,0.625,0.375,0.5859
0.241,0.617,0.142,-0.3818
0.0,1.0,0.0,0.0
0.047,0.863,0.09,0.2732
0.137,0.863,0.0,-0.2263
0.412,0.588,0.0,-0.8271
0.0,1.0,0.0,0.0
0.0,0.929,0.071,0.3182
0.0,1.0,0.0,0.0
0.109,0.891,0.0,-0.5106
0.0,1.0,0.0,0.0
0.231,0.769,0.0,-0.34
0.172,0.828,0.0,-0.3612
0.163,0.837,0.0,-0.7351
0.0,0.832,0.168,0.5927
0.379,0.583,0.038,-0.9331
0.206,0.722,0.072,-0.7351
0.111,0.777,0.111,0.0
0.0,1.0,0.0,0.0
0.067,0.765,0.168,0.4612
0.08,0.92,0.0,-0.4939
0.198,0.802,0.0,-0.4939
0.407,0.593,0.0,-0.6705
0.198,0.802,0.0,-0.7096
0.0,0.629,0.371,0.5739
0.0,0.769,0.231,0.6249
0.186,0.774,0.04,-0.6808
0.0,0.9,0.1,0.2732
0.0,1.0,0.0,0.0
0.25,0.625,0.125,-0.4939
0.216,0.784,0.0,-0.296
0.0,0.816,0.184,0.2584
0.0,0.923,0.077,0.3412
0.094,0.769,0.137,0.25
0.0,0.728,0.272,0.5413
0.0,1.0,0.0,0.0
0.0,0.934,0.066,0.4019
0.106,0.894,0.0,-0.3818
0.077,0.691,0.231,0.7003
0.11,0.89,0.0,-0.4939
0.0,1.0,0.0,0.0
0.173,0.827,0.0,-0.6597
0.232,0.768,0.0,-0.8975
0.218,0.668,0.113,-0.6358
0.0,1.0,0.0,0.0
0.38,0.479,0.142,-0.8385
0.038,0.877,0.085,0.3818
0.155,0.845,0.0,-0.296
0.0,0.867,0.133,0.3182
0.184,0.816,0.0,-0.6369
0.12,0.88,0.0,-0.3818
0.0,1.0,0.0,0.0
0.0,0.485,0.515,0.6486
0.286,0.714,0.0,-0.9001
0.089,0.687,0.224,0.7102
0.151,0.849,0.0,-0.4939
0.234,0.766,0.0,-0.6369
0.296,0.704,0.0,-0.9118
0.172,0.64,0.188,0.1027
0.286,0.714,0.0,-0.4939
0.145,0.855,0.0,-0.5267
0.14,0.795,0.065,-0.3804
0.12,0.833,0.047,-0.25
0.103,0.897,0.0,-0.5994
0.131,0.656,0.213,0.25
0.0,1.0,0.0,0.0
0.0,1.0,0.0,0.0
0.0,0.942,0.058,0.2411
0.0,1.0,0.0,0.0
0.107,0.893,0.0,-0.3382
0.092,0.859,0.049,-0.296
0.091,0.909,0.0,-0.3783
0.0,0.873,0.127,0.3612
0.218,0.782,0.0,-0.6486
0.131,0.5,0.369,0.5859
0.0,1.0,0.0,0.0
0.105,0.831,0.064,-0.1779
0.0,1.0,0.0,0.0
0.0,1.0,0.0,0.0
0.142,0.723,0.135,0.1548
0.148,0.852,0.0,-0.7783
0.117,0.841,0.042,-0.5106
0.177,0.742,0.081,-0.4588
0.176,0.824,0.0,-0.6705
0.0,0.787,0.213,0.4019
0.232,0.669,0.098,-0.4228
0.168,0.739,0.093,-0.4632
0.0,1.0,0.0,0.0
0.104,0.779,0.117,0.0772
0.346,0.654,0.0,-0.6486
0.248,0.657,0.095,-0.2732
0.22,0.78,0.0,-0.5256
0.158,0.842,0.0,-0.4939
0.0,1.0,0.0,0.0
0.309,0.691,0.0,-0.7003
0.0,1.0,0.0,0.0
0.065,0.894,0.041,-0.2344
0.0,0.909,0.091,0.0772
0.321,0.679,0.0,-0.7964
0.142,0.755,0.103,-0.5128
0.27,0.73,0.0,-0.5719
0.0,1.0,0.0,0.0
0.086,0.862,0.052,-0.3597
0.159,0.841,0.0,-0.6249
0.126,0.874,0.0,-0.6369
0.0,1.0,0.0,0.0
0.215,0.785,0.0,-0.6249
0.172,0.574,0.254,0.25
0.688,0.312,0.0,-0.6597
0.0,1.0,0.0,0.0
0.0,1.0,0.0,0.0
0.0,1.0,0.0,0.0
0.0,1.0,0.0,0.0
0.267,0.733,0.0,-0.3724
0.0,1.0,0.0,0.0
0.0,1.0,0.0,0.0
0.0,0.775,0.225,0.4404
0.0,1.0,0.0,0.0
0.0,1.0,0.0,0.0
0.211,0.789,0.0,-0.4939
0.0,0.58,0.42,0.4404
0.181,0.819,0.0,-0.4767
0.0,0.953,0.047,0.3182
0.123,0.733,0.144,0.1779
0.266,0.734,0.0,-0.7845
0.0,1.0,0.0,0.0
0.0,1.0,0.0,0.0
0.132,0.868,0.0,-0.4404
0.0,1.0,0.0,0.0
0.0,0.466,0.534,0.5334
0.0,1.0,0.0,0.0
0.0,1.0,0.0,0.0
0.565,0.435,0.0,-0.3818
0.0,1.0,0.0,0.0
0.103,0.845,0.053,-0.4939
0.128,0.872,0.0,-0.296
0.0,1.0,0.0,0.0
0.0,0.856,0.144,0.4019
0.0,0.753,0.247,0.3182
0.0,1.0,0.0,0.0
0.358,0.642,0.0,-0.8316
0.0,0.87,0.13,0.2023
0.0,0.597,0.403,0.4019
0.0,0.829,0.171,0.5789
0.063,0.576,0.361,0.9081
0.0,1.0,0.0,0.0
0.0,0.613,0.387,0.743
0.0,0.535,0.465,0.8271
0.0,0.89,0.11,0.2732
0.417,0.583,0.0,-0.5106
0.0,0.773,0.227,0.4767
0.0,1.0,0.0,0.0
0.446,0.478,0.076,-0.8834
0.0,0.807,0.193,0.4767
0.338,0.662,0.0,-0.8256
0.0,1.0,0.0,0.0
0.0,0.847,0.153,0.2023
0.247,0.753,0.0,-0.3818
0.0,1.0,0.0,0.0
0.0,0.625,0.375,0.6597
0.498,0.398,0.104,-0.872
0.224,0.776,0.0,-0.3818
0.198,0.802,0.0,-0.5719
0.0,1.0,0.0,0.0
0.0,1.0,0.0,0.0
0.0,1.0,0.0,0.0
0.0,1.0,0.0,0.0
0.0,0.694,0.306,0.296
0.36,0.64,0.0,-0.5423
0.0,1.0,0.0,0.0
0.0,1.0,0.0,0.0
0.167,0.833,0.0,-0.4215
0.211,0.789,0.0,-0.34
0.071,0.848,0.081,0.0772
0.0,1.0,0.0,0.0
0.242,0.604,0.155,-0.5574
0.135,0.744,0.121,-0.1531
0.278,0.722,0.0,-0.4019
0.158,0.702,0.14,-0.1796
0.0,1.0,0.0,0.0
0.0,1.0,0.0,0.0
0.207,0.793,0.0,-0.6696
0.068,0.932,0.0,-0.296
0.446,0.457,0.097,-0.7269
0.396,0.604,0.0,-0.7096
0.0,0.862,0.138,0.6486
0.0,0.701,0.299,0.8047
0.12,0.601,0.279,0.4404
0.0,1.0,0.0,0.0
0.145,0.855,0.0,-0.5994
0.231,0.769,0.0,-0.5106
0.0,1.0,0.0,0.0
0.0,1.0,0.0,0.0
0.306,0.694,0.0,-0.296
0.212,0.788,0.0,-0.836
0.25,0.75,0.0,-0.8402
0.0,0.745,0.255,0.34
0.082,0.884,0.034,-0.3818
0.266,0.734,0.0,-0.5719
0.0,1.0,0.0,0.0
0.286,0.714,0.0,-0.4939
0.2,0.8,0.0,-0.8403
0.221,0.779,0.0,-0.1779
0.0,0.784,0.216,0.296
0.061,0.696,0.244,0.5687
0.0,0.918,0.082,0.34
0.181,0.766,0.053,-0.7579
0.046,0.954,0.0,-0.0516
0.242,0.758,0.0,-0.4939
0.072,0.778,0.15,0.2484
0.06,0.885,0.055,-0.0516
0.0,1.0,0.0,0.0
0.088,0.783,0.129,-0.1027
0.0,1.0,0.0,0.0
0.0,0.847,0.153,0.4019
0.07,0.93,0.0,-0.0516
0.412,0.588,0.0,-0.2732
0.0,0.95,0.05,0.0387
0.055,0.806,0.139,0.3182
0.0,0.936,0.064,0.0258
0.0,1.0,0.0,0.0
0.0,1.0,0.0,0.0
0.0,1.0,0.0,0.0
0.0,1.0,0.0,0.0
0.375,0.625,0.0,-0.5574
0.0,1.0,0.0,0.0
0.0,1.0,0.0,0.0
0.0,1.0,0.0,0.0
0.286,0.714,0.0,-0.4939
0.0,0.894,0.106,0.0772
0.0,1.0,0.0,0.0
0.0,1.0,0.0,0.0
0.0,1.0,0.0,0.0
0.0,0.769,0.231,0.34
0.0,1.0,0.0,0.0
0.0,1.0,0.0,0.0
0.196,0.804,0.0,-0.296
0.0,0.678,0.322,0.4215
0.0,1.0,0.0,0.0
0.0,1.0,0.0,0.0
0.37,0.63,0.0,-0.6908
0.424,0.576,0.0,-0.7096
0.0,1.0,0.0,0.0
0.176,0.824,0.0,-0.4588
0.0,1.0,0.0,0.0
0.147,0.853,0.0,-0.2263
0.175,0.825,0.0,-0.7506
0.0,1.0,0.0,0.0
0.0,0.82,0.18,0.0258
0.219,0.723,0.058,-0.836
0.078,0.922,0.0,-0.296
0.154,0.794,0.052,-0.501
0.12,0.8,0.08,-0.1779
0.0,1.0,0.0,0.0
0.205,0.795,0.0,-0.4767
0.274,0.726,0.0,-0.7506
0.606,0.394,0.0,-0.8271
0.0,1.0,0.0,0.0
0.096,0.677,0.227,0.3182
0.37,0.63,0.0,-0.6908
0.0,1.0,0.0,0.0
0.343,0.657,0.0,-0.7783
0.0,0.493,0.507,0.8035
0.222,0.778,0.0,-0.25
0.0,1.0,0.0,0.0
0.0,1.0,0.0,0.0
0.437,0.563,0.0,-0.4767
0.0,1.0,0.0,0.0
0.188,0.625,0.188,0.0
0.242,0.758,0.0,-0.4939
0.0,1.0,0.0,0.0
0.0,0.916,0.084,0.0258
0.0,1.0,0.0,0.0
0.0,0.645,0.355,0.296
0.174,0.826,0.0,-0.4939
0.231,0.769,0.0,-0.5106
0.338,0.662,0.0,-0.5574
0.174,0.826,0.0,-0.2732
0.0,0.904,0.096,0.1513
0.0,1.0,0.0,0.0
0.259,0.741,0.0,-0.4939
0.0,0.748,0.252,0.4023
0.0,1.0,0.0,0.0
0.0,1.0,0.0,0.0
0.043,0.957,0.0,-0.1027
0.459,0.541,0.0,-0.7769
0.545,0.455,0.0,-0.802
0.198,0.608,0.194,-0.0119
0.0,1.0,0.0,0.0
0.0,1.0,0.0,0.0
0.0,0.809,0.191,0.2235
0.0,1.0,0.0,0.0
0.247,0.753,0.0,-0.5574
0.118,0.882,0.0,-0.34
0.0,0.581,0.419,0.5574
0.217,0.783,0.0,-0.3612
0.144,0.718,0.138,-0.0258
0.0,0.71,0.29,0.5423
0.0,0.69,0.31,0.4019
0.0,0.698,0.302,0.3818
0.0,1.0,0.0,0.0
0.0,0.632,0.368,0.6597
0.0,1.0,0.0,0.0
0.0,1.0,0.0,0.0
0.0,1.0,0.0,0.0
0.0,0.568,0.432,0.4215
0.299,0.701,0.0,-0.6908
0.068,0.741,0.191,0.4588
0.0,0.698,0.302,0.3818
0.196,0.804,0.0,-0.296
0.0,1.0,0.0,0.0
0.423,0.577,0.0,-0.8428
0.0,1.0,0.0,0.0
0.0,0.794,0.206,0.3818
0.225,0.775,0.0,-0.4939
0.0,1.0,0.0,0.0
0.0,0.84,0.16,0.4329
0.0,1.0,0.0,0.0
0.232,0.536,0.232,0.0
0.113,0.887,0.0,-0.1027
0.311,0.689,0.0,-0.4023
0.0,0.635,0.365,0.3182
0.0,1.0,0.0,0.0
0.0,1.0,0.0,0.0
0.0,1.0,0.0,0.0
0.217,0.51,0.272,0.1645
0.0,1.0,0.0,0.0
0.0,1.0,0.0,0.0
0.0,0.734,0.266,0.4404
0.0,0.859,0.141,0.2023
0.076,0.526,0.398,0.7579
0.283,0.717,0.0,-0.8074
0.129,0.744,0.127,-0.0119
0.0,0.69,0.31,0.5574
0.0,1.0,0.0,0.0
0.106,0.725,0.169,0.3182
0.0,1.0,0.0,0.0
0.105,0.849,0.046,-0.351
0.12,0.88,0.0,-0.3818
0.091,0.909,0.0,-0.25
0.0,0.887,0.113,0.3182
0.0,1.0,0.0,0.0
0.0,1.0,0.0,0.0
0.0,1.0,0.0,0.0
0.0,1.0,0.0,0.0
0.0,1.0,0.0,0.0
0.0,0.909,0.091,0.4404
0.0,1.0,0.0,0.0
0.299,0.701,0.0,-0.6908
0.0,0.815,0.185,0.3612
0.0,0.842,0.158,0.4939
0.0,1.0,0.0,0.0
0.0,0.843,0.157,0.0772
0.0,1.0,0.0,0.0
0.492,0.508,0.0,-0.8297
0.0,1.0,0.0,0.0
0.0,1.0,0.0,0.0
0.368,0.632,0.0,-0.5423
0.3,0.7,0.0,-0.6466
0.231,0.769,0.0,-0.34
0.0,0.548,0.452,0.3182
0.302,0.698,0.0,-0.6369
0.384,0.616,0.0,-0.6808
0.286,0.714,0.0,-0.25
0.464,0.536,0.0,-0.3818
0.0,1.0,0.0,0.0
0.0,0.901,0.099,0.0258
0.0,1.0,0.0,0.0
0.0,0.795,0.205,0.2023
0.0,1.0,0.0,0.0
0.0,0.725,0.275,0.4215
0.0,0.738,0.262,0.296
0.0,0.794,0.206,0.3818
0.485,0.515,0.0,-0.6908
0.09,0.656,0.254,0.4588
0.0,1.0,0.0,0.0
0.212,0.737,0.051,-0.755
0.0,0.714,0.286,0.5574
0.286,0.714,0.0,-0.4588
0.0,1.0,0.0,0.0
0.0,1.0,0.0,0.0
0.0,1.0,0.0,0.0
0.531,0.469,0.0,-0.7783
0.0,0.822,0.178,0.0772
0.0,1.0,0.0,0.0
0.265,0.735,0.0,-0.5574
0.0,1.0,0.0,0.0
0.0,1.0,0.0,0.0
0.3,0.7,0.0,-0.4588
0.187,0.813,0.0,-0.3182
0.286,0.714,0.0,-0.5574
0.0,1.0,0.0,0.0
0.0,1.0,0.0,0.0
0.0,1.0,0.0,0.0
0.0,1.0,0.0,0.0
0.0,1.0,0.0,0.0
0.0,0.68,0.32,0.5106
0.0,0.789,0.211,0.34
0.0,0.784,0.216,0.0258
0.091,0.909,0.0,-0.1531
0.152,0.76,0.088,-0.5719
0.0,1.0,0.0,0.0
0.148,0.852,0.0,-0.7964
0.125,0.875,0.0,-0.5106
0.0,1.0,0.0,0.0
0.0,0.903,0.097,0.4019
0.0,1.0,0.0,0.0
0.0,1.0,0.0,0.0
0.098,0.902,0.0,-0.3818
0.589,0.411,0.0,-0.6486
0.508,0.492,0.0,-0.4767
0.0,0.714,0.286,0.4215
0.0,1.0,0.0,0.0
0.094,0.76,0.146,0.2263
0.0,1.0,0.0,0.0
0.0,0.769,0.231,0.4588
0.0,0.909,0.091,0.0258
0.0,0.795,0.205,0.5574
0.355,0.645,0.0,-0.6597
0.289,0.625,0.086,-0.5574
0.31,0.69,0.0,-0.4019
0.0,1.0,0.0,0.0
0.127,0.873,0.0,-0.8057
0.0,1.0,0.0,0.0
0.0,1.0,0.0,0.0
0.136,0.864,0.0,-0.296
0.149,0.851,0.0,-0.3506
0.312,0.688,0.0,-0.7783
0.0,1.0,0.0,0.0
0.0,1.0,0.0,0.0
0.0,1.0,0.0,0.0
0.52,0.333,0.147,-0.6808
0.438,0.562,0.0,-0.7906
0.589,0.411,0.0,-0.8225
0.123,0.877,0.0,-0.1027
0.0,0.595,0.405,0.34
0.0,1.0,0.0,0.0
0.0,1.0,0.0,0.0
0.193,0.807,0.0,-0.4767
0.329,0.429,0.243,-0.1531
0.0,0.839,0.161,0.3182
0.0,1.0,0.0,0.0
0.0,0.891,0.109,0.0258
0.0,1.0,0.0,0.0
0.0,0.927,0.073,0.0258
0.341,0.529,0.129,-0.5574
0.0,1.0,0.0,0.0
0.315,0.685,0.0,-0.5574
0.307,0.693,0.0,-0.4767
0.0,1.0,0.0,0.0
0.327,0.673,0.0,-0.5267
0.226,0.685,0.089,-0.4588
0.0,1.0,0.0,0.0
0.156,0.844,0.0,-0.34
0.47,0.53,0.0,-0.7351
0.0,1.0,0.0,0.0
0.367,0.633,0.0,-0.7003
0.136,0.864,0.0,-0.296
0.0,1.0,0.0,0.0
0.0,1.0,0.0,0.0
0.405,0.595,0.0,-0.5267
0.223,0.647,0.129,-0.3182
0.117,0.611,0.272,0.4215
0.0,0.877,0.123,0.2732
0.0,1.0,0.0,0.0
0.0,0.775,0.225,0.4939
0.119,0.881,0.0,-0.4939
0.626,0.229,0.145,-0.743
0.246,0.635,0.119,-0.3818
0.268,0.732,0.0,-0.296
0.0,0.872,0.128,0.2263
0.789,0.211,0.0,-0.7579
0.0,1.0,0.0,0.0
0.315,0.685,0.0,-0.3182
0.315,0.685,0.0,-0.3182
0.294,0.706,0.0,-0.6124
0.0,0.945,0.055,0.1027
0.0,0.827,0.173,0.3182
0.0,1.0,0.0,0.0
0.0,1.0,0.0,0.0
0.13,0.87,0.0,-0.2732
0.167,0.833,0.0,-0.1027
0.483,0.517,0.0,-0.6808
0.0,1.0,0.0,0.0
0.426,0.574,0.0,-0.6369
0.568,0.432,0.0,-0.7845
0.277,0.723,0.0,-0.3182
0.0,1.0,0.0,0.0
0.408,0.592,0.0,-0.7351
0.256,0.744,0.0,-0.4767
0.307,0.693,0.0,-0.4767
0.0,1.0,0.0,0.0
0.262,0.738,0.0,-0.4939
0.31,0.69,0.0,-0.4019
0.074,0.854,0.072,-0.0129
0.256,0.744,0.0,-0.4767
0.0,0.714,0.286,0.4215
0.135,0.865,0.0,-0.1027
0.272,0.526,0.202,-0.2023
0.0,1.0,0.0,0.0
0.385,0.615,0.0,-0.6124
0.0,0.789,0.211,0.5773
0.0,1.0,0.0,0.0
0.277,0.723,0.0,-0.3182
0.318,0.682,0.0,-0.4939
0.0,1.0,0.0,0.0
0.0,1.0,0.0,0.0
0.184,0.816,0.0,-0.4019
0.565,0.435,0.0,-0.6369
0.0,1.0,0.0,0.0
0.0,0.856,0.144,0.4019
0.37,0.63,0.0,-0.6908
0.137,0.863,0.0,-0.1877
0.126,0.719,0.156,0.128
0.0,0.667,0.333,0.25
0.239,0.761,0.0,-0.296
0.279,0.721,0.0,-0.4767
0.0,1.0,0.0,0.0
0.0,1.0,0.0,0.0
0.262,0.738,0.0,-0.5994
0.209,0.668,0.123,-0.3252
0.0,0.787,0.213,0.4019
0.0,1.0,0.0,0.0
0.0,1.0,0.0,0.0
0.218,0.782,0.0,-0.5994
0.0,1.0,0.0,0.0
0.173,0.827,0.0,-0.3182
0.183,0.686,0.131,-0.2263
0.257,0.615,0.128,-0.3182
0.157,0.672,0.172,0.0516
0.144,0.719,0.138,-0.0258
0.199,0.638,0.163,-0.128
0.394,0.493,0.113,-0.6908
0.0,0.753,0.247,0.3875
0.0,1.0,0.0,0.0
0.136,0.714,0.149,0.0516
0.0,0.839,0.161,0.3182
0.0,1.0,0.0,0.0
0.083,0.83,0.087,0.0258
0.185,0.7,0.115,-0.1027
0.0,1.0,0.0,0.0
0.159,0.706,0.135,-0.1027
0.285,0.611,0.104,-0.7876
0.0,0.891,0.109,0.0258
0.0,0.839,0.161,0.3182
0.107,0.78,0.112,0.0258
0.211,0.789,0.0,-0.4939
0.0,0.864,0.136,0.0258
0.0,0.848,0.152,0.3612
0.078,0.922,0.0,-0.296
0.232,0.526,0.242,0.0258
0.0,1.0,0.0,0.0
0.293,0.707,0.0,-0.6597
0.0,1.0,0.0,0.0
0.25,0.61,0.14,-0.2023
0.0,1.0,0.0,0.0
0.0,1.0,0.0,0.0
0.16,0.84,0.0,-0.3167
0.346,0.654,0.0,-0.5719
0.313,0.687,0.0,-0.6249
0.0,1.0,0.0,0.0
0.0,0.762,0.238,0.3612
0.174,0.683,0.143,-0.128
0.0,1.0,0.0,0.0
0.231,0.612,0.156,-0.2732
0.079,0.787,0.135,0.128
0.112,0.714,0.173,0.0516
0.291,0.709,0.0,-0.6249
0.0,1.0,0.0,0.0
0.115,0.785,0.099,-0.0772
0.325,0.429,0.245,-0.3182
0.223,0.777,0.0,-0.3182
0.0,1.0,0.0,0.0
0.088,0.599,0.313,0.5994
0.283,0.717,0.0,-0.7717
0.0,0.813,0.187,0.3182
0.112,0.532,0.356,0.6808
0.171,0.829,0.0,-0.4767
0.194,0.806,0.0,-0.34
0.183,0.664,0.153,-0.1154
0.0,0.732,0.268,0.3744
0.112,0.777,0.112,0.0
0.0,1.0,0.0,0.0
0.0,1.0,0.0,0.0
0.0,1.0,0.0,0.0
0.0,1.0,0.0,0.0
0.375,0.625,0.0,-0.7351
0.113,0.769,0.118,0.0258
0.0,1.0,0.0,0.0
0.091,0.909,0.0,-0.2263
0.128,0.732,0.14,0.0516
0.0,1.0,0.0,0.0
0.102,0.791,0.107,0.0258
0.0,0.862,0.138,0.34
0.0,1.0,0.0,0.0
0.0,1.0,0.0,0.0
0.172,0.828,0.0,-0.4019
0.365,0.635,0.0,-0.3182
0.248,0.752,0.0,-0.5106
0.0,1.0,0.0,0.0
0.175,0.825,0.0,-0.5267
0.323,0.677,0.0,-0.7351
0.141,0.747,0.112,-0.1779
0.0,1.0,0.0,0.0
0.0,1.0,0.0,0.0
0.0,1.0,0.0,0.0
0.156,0.844,0.0,-0.34
0.0,0.867,0.133,0.3182
0.123,0.877,0.0,-0.2732
0.0,0.839,0.161,0.3182
0.221,0.575,0.204,-0.1027
0.0,0.777,0.223,0.3182
0.0,0.874,0.126,0.3182
0.119,0.757,0.124,0.0258
0.0,1.0,0.0,0.0
0.238,0.762,0.0,-0.3612
0.221,0.779,0.0,-0.5267
0.216,0.784,0.0,-0.296
0.0,0.864,0.136,0.2617
0.0,0.827,0.173,0.3182
0.0,0.887,0.113,0.3182
0.0,0.887,0.113,0.3182
0.0,1.0,0.0,0.0
0.197,0.803,0.0,-0.4019
0.223,0.777,0.0,-0.3182
0.31,0.69,0.0,-0.6597
0.0,1.0,0.0,0.0
0.0,1.0,0.0,0.0
0.146,0.764,0.09,-0.2023
0.144,0.856,0.0,-0.4019
0.392,0.608,0.0,-0.7964
0.0,1.0,0.0,0.0
0.28,0.569,0.152,-0.4019
0.0,1.0,0.0,0.0
0.24,0.51,0.25,0.2987
0.0,1.0,0.0,0.0
0.141,0.859,0.0,-0.3182
0.0,0.897,0.103,0.3182
0.172,0.828,0.0,-0.4019
0.231,0.769,0.0,-0.4019
0.0,0.839,0.161,0.3182
0.0,1.0,0.0,0.0
0.197,0.803,0.0,-0.4019
0.286,0.714,0.0,-0.6808
0.244,0.756,0.0,-0.7003
0.286,0.714,0.0,-0.6808
0.117,0.67,0.212,0.1779
0.144,0.605,0.251,0.3182
0.0,0.696,0.304,0.5423
0.211,0.789,0.0,-0.34
0.231,0.769,0.0,-0.2732
0.0,0.769,0.231,0.5859
0.0,0.889,0.111,0.1877
0.0,1.0,0.0,0.0
0.0,1.0,0.0,0.0
0.0,1.0,0.0,0.0
0.0,1.0,0.0,0.0
0.14,0.86,0.0,-0.4767
0.125,0.776,0.099,-0.1531
0.082,0.918,0.0,-0.0191
0.206,0.794,0.0,-0.3252
0.307,0.693,0.0,-0.5499
0.0,1.0,0.0,0.0
0.103,0.735,0.162,0.296
0.425,0.575,0.0,-0.8126
0.0,1.0,0.0,0.0
0.0,1.0,0.0,0.0
0.0,1.0,0.0,0.0
0.0,0.815,0.185,0.3612
0.206,0.794,0.0,-0.3818
0.0,1.0,0.0,0.0
0.0,1.0,0.0,0.0
0.18,0.637,0.183,0.0108
0.137,0.863,0.0,-0.1511
0.137,0.863,0.0,-0.2263
0.0,0.674,0.326,0.4404
0.279,0.721,0.0,-0.4767
0.105,0.718,0.177,0.128
0.0,1.0,0.0,0.0
0.11,0.787,0.102,-0.0258
0.0,1.0,0.0,0.0
0.108,0.773,0.119,0.0516
0.0,0.827,0.173,0.3182
0.0,1.0,0.0,0.0
0.0,1.0,0.0,0.0
0.0,0.877,0.123,0.2732
0.0,1.0,0.0,0.0
0.201,0.799,0.0,-0.3125
0.368,0.632,0.0,-0.7506
0.0,1.0,0.0,0.0
0.0,1.0,0.0,0.0
0.0,1.0,0.0,0.0
0.0,1.0,0.0,0.0
0.0,0.85,0.15,0.3182
0.0,0.847,0.153,0.4404
0.0,0.914,0.086,0.128
0.32,0.68,0.0,-0.6908
0.394,0.606,0.0,-0.8145
0.205,0.795,0.0,-0.4767
0.0,1.0,0.0,0.0
0.426,0.574,0.0,-0.6369
0.113,0.769,0.118,0.0258
0.0,0.798,0.202,0.5106
0.0,1.0,0.0,0.0
0.0,0.909,0.091,0.0258
0.0,1.0,0.0,0.0
0.139,0.861,0.0,-0.2732
0.256,0.744,0.0,-0.4767
0.0,0.769,0.231,0.5574
0.197,0.634,0.169,-0.1027
0.225,0.636,0.139,-0.3612
0.412,0.588,0.0,-0.743
0.243,0.757,0.0,-0.5423
0.0,1.0,0.0,0.0
0.0,0.868,0.132,0.1326
0.0,0.813,0.187,0.3182
0.0,0.859,0.141,0.3182
0.264,0.554,0.182,-0.0083
0.0,0.654,0.346,0.4019
0.0,1.0,0.0,0.0
0.0,1.0,0.0,0.0
0.159,0.706,0.135,-0.1027
0.0,0.859,0.141,0.3182
0.0,1.0,0.0,0.0
0.0,0.867,0.133,0.3182
0.3,0.7,0.0,-0.7184
0.0,0.795,0.205,0.4767
0.149,0.851,0.0,-0.2732
0.418,0.452,0.13,-0.6249
0.231,0.769,0.0,-0.2732
0.0,1.0,0.0,0.0
0.0,0.88,0.12,0.2584
0.076,0.924,0.0,-0.0191
0.0,1.0,0.0,0.0
0.249,0.751,0.0,-0.5106
0.0,1.0,0.0,0.0
0.0,1.0,0.0,0.0
0.0,1.0,0.0,0.0
0.0,1.0,0.0,0.0
0.14,0.701,0.159,0.0772
0.084,0.723,0.193,0.4215
0.171,0.696,0.133,-0.1531
0.0,0.85,0.15,0.3182
0.274,0.558,0.168,-0.2732
0.267,0.547,0.186,0.0966
0.0,1.0,0.0,0.0
0.294,0.706,0.0,-0.6124
0.0,0.735,0.265,0.5574
0.0,0.839,0.161,0.3182
0.0,1.0,0.0,0.0
0.0,1.0,0.0,0.0
0.093,0.749,0.159,0.3612
0.139,0.861,0.0,-0.2732
0.297,0.703,0.0,-0.5659
0.127,0.873,0.0,-0.2235
0.0,1.0,0.0,0.0
0.0,1.0,0.0,0.0
0.0,0.703,0.297,0.4215
0.0,0.82,0.18,0.5106
0.231,0.769,0.0,-0.4019
0.237,0.763,0.0,-0.7097
0.0,1.0,0.0,0.0
0.0,1.0,0.0,0.0
0.0,1.0,0.0,0.0
0.0,1.0,0.0,0.0
0.0,0.752,0.248,0.5106
0.127,0.873,0.0,-0.1531
0.0,0.633,0.367,0.7597
0.0,1.0,0.0,0.0
0.425,0.575,0.0,-0.8126
0.0,1.0,0.0,0.0
0.0,0.825,0.175,0.5574
0.368,0.632,0.0,-0.7506
0.0,0.61,0.39,0.4939
0.0,1.0,0.0,0.0
0.089,0.565,0.347,0.7506
0.0,1.0,0.0,0.0
0.104,0.896,0.0,-0.3252
0.0,1.0,0.0,0.0
0.348,0.652,0.0,-0.4939
0.211,0.544,0.245,0.128
0.204,0.796,0.0,-0.3182
0.0,1.0,0.0,0.0
0.0,1.0,0.0,0.0
0.245,0.755,0.0,-0.3818
0.0,1.0,0.0,0.0
0.0,1.0,0.0,0.0
0.171,0.829,0.0,-0.4767
0.0,1.0,0.0,0.0
0.0,1.0,0.0,0.0
0.0,0.821,0.179,0.34
0.0,1.0,0.0,0.0
0.072,0.801,0.127,0.2086
0.231,0.769,0.0,-0.4019
0.278,0.722,0.0,-0.4019
0.0,1.0,0.0,0.0
0.231,0.578,0.191,0.0772
0.0,1.0,0.0,0.0
0.112,0.888,0.0,-0.2263
0.0,1.0,0.0,0.0
0.0,1.0,0.0,0.0
0.248,0.584,0.168,-0.2732
0.0,1.0,0.0,0.0
0.202,0.798,0.0,-0.6486
0.196,0.725,0.08,-0.3818
0.0,1.0,0.0,0.0
0.375,0.625,0.0,-0.765
0.29,0.71,0.0,-0.5994
0.214,0.786,0.0,-0.4588
0.0,1.0,0.0,0.0
0.0,1.0,0.0,0.0
0.197,0.803,0.0,-0.4019
0.0,1.0,0.0,0.0
0.0,1.0,0.0,0.0
0.0,1.0,0.0,0.0
0.262,0.738,0.0,-0.4939
0.316,0.684,0.0,-0.4019
0.524,0.476,0.0,-0.6705
0.163,0.837,0.0,-0.3252
0.204,0.796,0.0,-0.3182
0.193,0.807,0.0,-0.4767
0.111,0.707,0.182,0.34
0.0,1.0,0.0,0.0
0.236,0.691,0.073,-0.6124
0.0,0.769,0.231,0.5106
0.149,0.851,0.0,-0.1027
0.262,0.738,0.0,-0.5994
0.213,0.787,0.0,-0.4019
0.0,1.0,0.0,0.0
0.351,0.649,0.0,-0.4019
0.0,0.756,0.244,0.4404
0.384,0.616,0.0,-0.6808
0.143,0.857,0.0,-0.1695
0.208,0.792,0.0,-0.2732
0.136,0.791,0.073,-0.2732
0.2,0.8,0.0,-0.6705
0.0,0.781,0.219,0.4215
0.0,0.894,0.106,0.0772
0.245,0.552,0.202,0.0772
0.133,0.867,0.0,-0.3182
0.0,1.0,0.0,0.0
0.0,0.885,0.115,0.0762
0.126,0.874,0.0,-0.3182
0.0,0.753,0.247,0.5574
0.307,0.693,0.0,-0.7351
0.0,0.777,0.223,0.3182
0.0,0.787,0.213,0.4019
0.0,0.559,0.441,0.7964
0.205,0.795,0.0,-0.4767
0.194,0.582,0.224,0.0946
0.231,0.769,0.0,-0.4019
0.337,0.663,0.0,-0.6808
0.0,1.0,0.0,0.0
0.14,0.732,0.128,-0.0516
0.12,0.88,0.0,-0.128
0.135,0.752,0.113,-0.1531
0.0,0.677,0.323,0.5106
0.194,0.667,0.139,-0.2263
0.0,1.0,0.0,0.0
0.256,0.744,0.0,-0.5399
0.16,0.84,0.0,-0.2263
0.0,0.881,0.119,0.3182
0.133,0.867,0.0,-0.25
0.0,1.0,0.0,0.0
0.0,1.0,0.0,0.0
0.184,0.816,0.0,-0.4449
0.236,0.632,0.132,-0.4215
0.187,0.813,0.0,-0.3182
0.317,0.683,0.0,-0.6249
0.0,1.0,0.0,0.0
0.0,1.0,0.0,0.0
0.0,1.0,0.0,0.0
0.0,1.0,0.0,0.0
0.0,1.0,0.0,0.0
0.0,0.87,0.13,0.2023
0.18,0.82,0.0,-0.5106
0.556,0.444,0.0,-0.8402
0.139,0.861,0.0,-0.2732
0.31,0.526,0.164,-0.3612
0.217,0.783,0.0,-0.5574
0.488,0.407,0.106,-0.6908
0.333,0.667,0.0,-0.6124
0.0,0.857,0.143,0.3612
0.143,0.857,0.0,-0.25
0.133,0.867,0.0,-0.3182
0.0,1.0,0.0,0.0
0.0,0.876,0.124,0.4019
0.281,0.719,0.0,-0.6486
0.268,0.732,0.0,-0.4449
0.0,1.0,0.0,0.0
0.17,0.654,0.176,0.0258
0.16,0.84,0.0,-0.2732
0.182,0.818,0.0,-0.25
0.121,0.879,0.0,-0.0258
0.146,0.854,0.0,-0.34
0.0,1.0,0.0,0.0
0.0,1.0,0.0,0.0
0.278,0.722,0.0,-0.4019
0.0,1.0,0.0,0.0
0.0,0.902,0.098,0.3612
0.162,0.738,0.1,-0.4019
0.124,0.791,0.085,-0.1779
0.0,0.861,0.139,0.4404
0.0,0.801,0.199,0.357
0.0,0.777,0.223,0.3182
0.22,0.78,0.0,-0.4767
0.167,0.833,0.0,-0.296
0.114,0.742,0.145,0.1591
0.0,1.0,0.0,0.0
0.0,0.867,0.133,0.3182
0.0,1.0,0.0,0.0
0.29,0.71,0.0,-0.5423
0.218,0.782,0.0,-0.5994
0.0,1.0,0.0,0.0
0.178,0.745,0.077,-0.5423
0.153,0.847,0.0,-0.6705
0.078,0.768,0.154,0.291
0.0,1.0,0.0,0.0
0.0,1.0,0.0,0.0
0.113,0.776,0.111,-0.0093
0.0,0.894,0.106,0.2235
0.535,0.465,0.0,-0.7096
0.13,0.87,0.0,-0.2732
0.213,0.787,0.0,-0.4019
0.0,1.0,0.0,0.0
0.0,1.0,0.0,0.0
0.0,0.873,0.127,0.1877
0.162,0.677,0.162,0.0
0.252,0.748,0.0,-0.4019
0.0,1.0,0.0,0.0
0.352,0.648,0.0,-0.5859
0.0,0.797,0.203,0.4215
0.245,0.755,0.0,-0.3818
0.0,1.0,0.0,0.0
0.362,0.638,0.0,-0.5267
0.0,1.0,0.0,0.0
0.0,0.805,0.195,0.4847
0.0,1.0,0.0,0.0
0.0,1.0,0.0,0.0
0.055,0.945,0.0,-0.0286
0.558,0.442,0.0,-0.6189
0.358,0.642,0.0,-0.5994
0.266,0.734,0.0,-0.4404
0.0,0.811,0.189,0.4215
0.0,1.0,0.0,0.0
0.0,1.0,0.0,0.0
0.279,0.721,0.0,-0.4767
0.0,1.0,0.0,0.0
0.302,0.698,0.0,-0.5994
0.0,1.0,0.0,0.0
0.0,0.838,0.162,0.4767
0.0,0.899,0.101,0.2023
0.0,1.0,0.0,0.0
0.159,0.769,0.071,-0.3818
0.0,0.8,0.2,0.3612
0.464,0.536,0.0,-0.8316
0.085,0.915,0.0,-0.0516
0.177,0.823,0.0,-0.4215
0.256,0.744,0.0,-0.4767
0.252,0.748,0.0,-0.4019
0.0,1.0,0.0,0.0
0.0,1.0,0.0,0.0
0.0,1.0,0.0,0.0
0.0,1.0,0.0,0.0
0.203,0.797,0.0,-0.4215
0.0,1.0,0.0,0.0
0.0,0.8,0.2,0.3612
0.167,0.833,0.0,-0.296
0.0,1.0,0.0,0.0
0.0,1.0,0.0,0.0
0.0,1.0,0.0,0.0
0.127,0.809,0.064,-0.2732
0.158,0.842,0.0,-0.3089
0.0,1.0,0.0,0.0
0.0,0.839,0.161,0.3182
0.57,0.43,0.0,-0.6486
0.0,0.769,0.231,0.4019
0.371,0.506,0.124,-0.6597
0.0,1.0,0.0,0.0
0.0,0.781,0.219,0.4215
0.307,0.693,0.0,-0.4767
0.315,0.685,0.0,-0.3182
0.387,0.613,0.0,-0.743
0.129,0.871,0.0,-0.4767
0.142,0.732,0.126,-0.1779
0.087,0.913,0.0,-0.25
0.114,0.886,0.0,-0.4767
0.0,0.895,0.105,0.3802
0.318,0.602,0.08,-0.7964
0.301,0.699,0.0,-0.802
0.075,0.925,0.0,-0.296
0.169,0.639,0.192,0.1779
0.0,1.0,0.0,0.0
0.195,0.805,0.0,-0.7005
0.292,0.708,0.0,-0.765
0.485,0.515,0.0,-0.8555
0.279,0.721,0.0,-0.4767
0.182,0.818,0.0,-0.25
0.234,0.766,0.0,-0.7269
0.112,0.888,0.0,-0.6908
0.312,0.588,0.1,-0.8078
0.0,1.0,0.0,0.0
0.16,0.625,0.215,0.2023
0.091,0.909,0.0,-0.0772
0.0,1.0,0.0,0.0
0.237,0.763,0.0,-0.4215
0.0,1.0,0.0,0.0
0.0,1.0,0.0,0.0
0.0,1.0,0.0,0.0
0.0,1.0,0.0,0.0
0.0,1.0,0.0,0.0
0.255,0.745,0.0,-0.6249
0.0,0.865,0.135,0.3612
0.16,0.84,0.0,-0.2732
0.149,0.851,0.0,-0.2732
0.23,0.559,0.211,-0.0772
0.387,0.476,0.137,-0.6369
0.253,0.747,0.0,-0.4082
0.145,0.855,0.0,-0.296
0.256,0.625,0.119,-0.34
0.0,1.0,0.0,0.0
0.0,0.69,0.31,0.4019
0.239,0.761,0.0,-0.296
0.366,0.488,0.146,-0.5574
0.0,1.0,0.0,0.0
0.0,1.0,0.0,0.0
0.0,1.0,0.0,0.0
0.235,0.765,0.0,-0.6124
0.227,0.773,0.0,-0.4767
0.188,0.652,0.159,-0.1027
0.257,0.743,0.0,-0.4215
0.22,0.78,0.0,-0.4767
0.0,1.0,0.0,0.0
0.0,1.0,0.0,0.0
0.0,1.0,0.0,0.0
0.0,0.857,0.143,0.3612
0.0,0.844,0.156,0.34
0.0,1.0,0.0,0.0
0.261,0.541,0.198,-0.1779
0.0,1.0,0.0,0.0
0.508,0.492,0.0,-0.7351
0.462,0.538,0.0,-0.5106
0.0,1.0,0.0,0.0
0.0,0.783,0.217,0.3612
0.149,0.851,0.0,-0.1027
0.0,0.774,0.226,0.4449
0.0,1.0,0.0,0.0
0.0,1.0,0.0,0.0
0.231,0.769,0.0,-0.4588
0.0,1.0,0.0,0.0
0.343,0.657,0.0,-0.7783
0.0,0.85,0.15,0.3182
0.189,0.811,0.0,-0.2732
0.181,0.819,0.0,-0.4767
0.0,1.0,0.0,0.0
0.0,0.735,0.265,0.5574
0.0,0.709,0.291,0.476
0.0,1.0,0.0,0.0
0.0,1.0,0.0,0.0
0.0,1.0,0.0,0.0
0.0,1.0,0.0,0.0
0.0,0.8,0.2,0.3612
0.129,0.786,0.085,-0.1695
0.0,0.888,0.112,0.34
0.0,1.0,0.0,0.0
0.0,1.0,0.0,0.0
0.0,1.0,0.0,0.0
0.179,0.821,0.0,-0.34
0.0,1.0,0.0,0.0
0.235,0.588,0.176,-0.2023
0.0,0.755,0.245,0.4449
0.0,0.806,0.194,0.34
0.0,1.0,0.0,0.0
0.0,0.714,0.286,0.5574
0.0,1.0,0.0,0.0
0.0,1.0,0.0,0.0
0.0,1.0,0.0,0.0
0.0,1.0,0.0,0.0
0.355,0.645,0.0,-0.6808
0.097,0.903,0.0,-0.0191
0.0,1.0,0.0,0.0
0.0,1.0,0.0,0.0
0.259,0.741,0.0,-0.5423
0.0,1.0,0.0,0.0
0.0,1.0,0.0,0.0
0.167,0.833,0.0,-0.25
0.0,1.0,0.0,0.0
0.0,1.0,0.0,0.0
0.167,0.833,0.0,-0.4215
0.0,0.848,0.152,0.3612
0.104,0.896,0.0,-0.1027
0.172,0.828,0.0,-0.6103
0.0,1.0,0.0,0.0
0.179,0.821,0.0,-0.2411
0.0,1.0,0.0,0.0
0.44,0.56,0.0,-0.6705
0.0,0.784,0.216,0.5106
0.0,0.816,0.184,0.2584
0.0,1.0,0.0,0.0
0.0,1.0,0.0,0.0
0.161,0.839,0.0,-0.3182
0.0,1.0,0.0,0.0
0.0,1.0,0.0,0.0
0.0,1.0,0.0,0.0
0.189,0.811,0.0,-0.2732
0.128,0.872,0.0,-0.296
0.0,1.0,0.0,0.0
0.0,1.0,0.0,0.0
0.327,0.673,0.0,-0.5267
0.0,1.0,0.0,0.0
0.381,0.408,0.211,-0.3612
0.273,0.615,0.112,-0.6369
0.0,0.813,0.187,0.3182
0.0,1.0,0.0,0.0
0.196,0.804,0.0,-0.296
0.0,1.0,0.0,0.0
0.298,0.702,0.0,-0.5267
0.0,1.0,0.0,0.0
0.232,0.768,0.0,-0.2057
0.235,0.588,0.176,-0.2023
0.0,1.0,0.0,0.0
0.0,1.0,0.0,0.0
0.0,1.0,0.0,0.0
0.0,1.0,0.0,0.0
0.497,0.503,0.0,-0.7845
0.279,0.721,0.0,-0.4767
0.211,0.789,0.0,-0.34
0.0,1.0,0.0,0.0
0.0,1.0,0.0,0.0
0.197,0.657,0.146,-0.1779
0.0,1.0,0.0,0.0
0.0,1.0,0.0,0.0
0.0,1.0,0.0,0.0
0.273,0.727,0.0,-0.7184
0.161,0.839,0.0,-0.3182
0.114,0.644,0.243,0.3818
0.133,0.867,0.0,-0.3182
0.205,0.795,0.0,-0.4767
0.0,1.0,0.0,0.0
0.0,1.0,0.0,0.0
0.226,0.511,0.263,0.128
0.0,1.0,0.0,0.0
0.286,0.714,0.0,-0.6597
0.0,1.0,0.0,0.0
0.0,1.0,0.0,0.0
0.272,0.526,0.202,-0.2023
0.0,1.0,0.0,0.0
0.0,1.0,0.0,0.0
0.0,1.0,0.0,0.0
0.0,0.852,0.148,0.3089
0.0,1.0,0.0,0.0
0.145,0.855,0.0,-0.296
0.213,0.492,0.295,0.25
0.18,0.82,0.0,-0.296
0.0,1.0,0.0,0.0
0.196,0.804,0.0,-0.296
0.0,1.0,0.0,0.0
0.333,0.667,0.0,-0.4588
0.381,0.619,0.0,-0.5719
0.247,0.753,0.0,-0.5574
0.22,0.78,0.0,-0.4767
0.171,0.67,0.159,-0.0351
0.302,0.698,0.0,-0.6369
0.0,1.0,0.0,0.0
0.22,0.78,0.0,-0.4767
0.163,0.837,0.0,-0.4449
0.276,0.724,0.0,-0.4919
0.301,0.699,0.0,-0.6808
0.0,1.0,0.0,0.0
0.0,0.829,0.171,0.1139
0.216,0.784,0.0,-0.296
0.0,1.0,0.0,0.0
0.0,1.0,0.0,0.0
0.221,0.516,0.263,0.2263
0.0,1.0,0.0,0.0
0.189,0.811,0.0,-0.3244
0.231,0.562,0.206,-0.1027
0.0,0.769,0.231,0.5106
0.446,0.554,0.0,-0.8049
0.0,0.769,0.231,0.5574
0.113,0.887,0.0,-0.4939
0.0,1.0,0.0,0.0
0.198,0.802,0.0,-0.4939
0.375,0.625,0.0,-0.7351
0.246,0.754,0.0,-0.5994
0.0,1.0,0.0,0.0
0.0,1.0,0.0,0.0
0.412,0.588,0.0,-0.5994
0.0,1.0,0.0,0.0
0.183,0.563,0.254,0.25
0.139,0.861,0.0,-0.2732
0.371,0.629,0.0,-0.7096
0.0,1.0,0.0,0.0
0.0,0.78,0.22,0.4767
0.0,1.0,0.0,0.0
0.237,0.763,0.0,-0.4767
0.0,0.845,0.155,0.296
0.0,1.0,0.0,0.0
0.0,1.0,0.0,0.0
0.213,0.787,0.0,-0.4023
0.133,0.867,0.0,-0.25
0.0,1.0,0.0,0.0
0.0,0.874,0.126,0.3182
0.0,1.0,0.0,0.0
0.171,0.829,0.0,-0.4767
0.0,1.0,0.0,0.0
0.0,0.771,0.229,0.4318
0.256,0.744,0.0,-0.4767
0.0,1.0,0.0,0.0
0.162,0.838,0.0,-0.4767
0.0,1.0,0.0,0.0
0.423,0.385,0.192,-0.4588
0.0,1.0,0.0,0.0
0.167,0.833,0.0,-0.1027
0.0,1.0,0.0,0.0
0.223,0.777,0.0,-0.3182
0.223,0.573,0.204,-0.0772
0.342,0.658,0.0,-0.3818
0.273,0.727,0.0,-0.4588
0.0,0.685,0.315,0.3182
0.394,0.606,0.0,-0.3818
0.0,1.0,0.0,0.0
0.22,0.78,0.0,-0.7351
0.177,0.823,0.0,-0.4215
0.0,0.887,0.113,0.5106
0.0,1.0,0.0,0.0
0.126,0.631,0.243,0.3182
0.0,0.705,0.295,0.5574
0.0,1.0,0.0,0.0
0.06,0.86,0.08,0.1779
0.079,0.921,0.0,-0.4588
0.14,0.86,0.0,-0.4767
0.3,0.65,0.05,-0.9169
0.0,1.0,0.0,0.0
0.0,0.853,0.147,0.2263
0.0,0.714,0.286,0.4215
0.0,0.936,0.064,0.1779
0.082,0.824,0.094,0.0772
0.0,1.0,0.0,0.0
0.0,1.0,0.0,0.0
0.326,0.674,0.0,-0.7003
0.083,0.917,0.0,-0.4019
0.0,1.0,0.0,0.0
0.0,0.69,0.31,0.5574
0.125,0.714,0.161,0.1531
0.317,0.683,0.0,-0.7208
0.285,0.462,0.254,-0.1027
0.218,0.782,0.0,-0.5994
0.213,0.787,0.0,-0.2263
0.327,0.673,0.0,-0.5267
0.0,1.0,0.0,0.0
0.454,0.546,0.0,-0.7574
0.284,0.583,0.132,-0.4742
0.0,0.807,0.193,0.4767
0.162,0.838,0.0,-0.4767
0.0,0.865,0.135,0.1027
0.0,0.815,0.185,0.3612
0.0,0.803,0.197,0.4019
0.0,1.0,0.0,0.0
0.0,1.0,0.0,0.0
0.171,0.829,0.0,-0.5423
0.179,0.821,0.0,-0.34
0.0,1.0,0.0,0.0
0.0,1.0,0.0,0.0
0.0,1.0,0.0,0.0
0.118,0.664,0.218,0.4019
0.0,1.0,0.0,0.0
0.0,1.0,0.0,0.0
0.396,0.519,0.084,-0.7003
0.308,0.692,0.0,-0.5994
0.0,1.0,0.0,0.0
0.188,0.604,0.208,0.0772
0.279,0.721,0.0,-0.4767
0.0,0.789,0.211,0.34
0.0,0.738,0.262,0.4939
0.254,0.522,0.224,-0.1027
0.0,0.847,0.153,0.5574
0.156,0.844,0.0,-0.34
0.175,0.825,0.0,-0.5267
0.294,0.588,0.118,-0.5574
0.181,0.819,0.0,-0.4767
0.124,0.719,0.157,0.128
0.0,0.829,0.171,0.5106
0.198,0.659,0.144,-0.2263
0.116,0.884,0.0,-0.2411
0.0,0.785,0.215,0.5667
0.479,0.521,0.0,-0.8781
0.128,0.872,0.0,-0.2263
0.0,1.0,0.0,0.0
0.0,1.0,0.0,0.0
0.0,1.0,0.0,0.0
0.0,1.0,0.0,0.0
0.157,0.843,0.0,-0.4215
0.247,0.753,0.0,-0.3182
0.0,1.0,0.0,0.0
0.211,0.789,0.0,-0.4939
0.0,0.806,0.194,0.34
0.193,0.435,0.373,0.4404
0.0,1.0,0.0,0.0
0.0,1.0,0.0,0.0
0.245,0.755,0.0,-0.5994
0.0,0.618,0.382,0.5859
0.197,0.803,0.0,-0.4019
0.239,0.761,0.0,-0.5719
0.0,1.0,0.0,0.0
0.256,0.744,0.0,-0.4767
0.0,0.753,0.247,0.5574
0.0,1.0,0.0,0.0
0.0,1.0,0.0,0.0
0.0,1.0,0.0,0.0
0.202,0.798,0.0,-0.4215
0.0,1.0,0.0,0.0
0.0,1.0,0.0,0.0
0.084,0.653,0.263,0.5529
0.0,0.858,0.142,0.2057
0.0,1.0,0.0,0.0
0.0,1.0,0.0,0.0
0.0,1.0,0.0,0.0
0.162,0.838,0.0,-0.4019
0.0,0.741,0.259,0.4215
0.0,1.0,0.0,0.0
0.31,0.69,0.0,-0.5574
0.0,1.0,0.0,0.0
0.0,1.0,0.0,0.0
0.0,1.0,0.0,0.0
0.0,0.936,0.064,0.1779
0.0,1.0,0.0,0.0
0.333,0.667,0.0,-0.5423
0.0,1.0,0.0,0.0
0.0,1.0,0.0,0.0
0.0,1.0,0.0,0.0
0.0,1.0,0.0,0.0
0.329,0.671,0.0,-0.6597
0.0,1.0,0.0,0.0
0.533,0.467,0.0,-0.8868
0.0,1.0,0.0,0.0
0.0,1.0,0.0,0.0
0.0,1.0,0.0,0.0
0.423,0.577,0.0,-0.765
0.21,0.79,0.0,-0.4449
0.0,1.0,0.0,0.0
0.0,1.0,0.0,0.0
0.0,1.0,0.0,0.0
0.0,0.893,0.107,0.0516
0.333,0.667,0.0,-0.5423
0.0,0.806,0.194,0.34
0.0,0.844,0.156,0.1695
0.0,0.874,0.126,0.3182
0.0,0.806,0.194,0.5574
0.149,0.608,0.243,0.34
0.161,0.839,0.0,-0.3182
0.0,1.0,0.0,0.0
0.204,0.796,0.0,-0.3182
0.38,0.62,0.0,-0.5994
0.34,0.66,0.0,-0.5574
0.0,1.0,0.0,0.0
0.0,1.0,0.0,0.0
0.0,1.0,0.0,0.0
0.0,0.889,0.111,0.1877
0.0,1.0,0.0,0.0
0.0,1.0,0.0,0.0
0.299,0.701,0.0,-0.6908
0.0,0.752,0.248,0.5106
0.0,1.0,0.0,0.0
0.0,0.857,0.143,0.128
0.0,1.0,0.0,0.0
0.391,0.609,0.0,-0.7721
0.204,0.672,0.124,-0.0665
0.0,1.0,0.0,0.0
0.0,1.0,0.0,0.0
0.0,1.0,0.0,0.0
0.0,1.0,0.0,0.0
0.0,1.0,0.0,0.0
0.0,1.0,0.0,0.0
0.152,0.848,0.0,-0.3612
0.0,1.0,0.0,0.0
0.0,1.0,0.0,0.0
0.0,1.0,0.0,0.0
0.0,1.0,0.0,0.0
0.278,0.722,0.0,-0.4019
0.239,0.761,0.0,-0.296
0.0,1.0,0.0,0.0
0.0,1.0,0.0,0.0
0.229,0.771,0.0,-0.3346
0.263,0.737,0.0,-0.6908
0.0,1.0,0.0,0.0
0.163,0.837,0.0,-0.3252
0.18,0.82,0.0,-0.296
0.172,0.625,0.203,0.1027
0.274,0.591,0.135,-0.6486
0.0,1.0,0.0,0.0
0.27,0.73,0.0,-0.5719
0.0,1.0,0.0,0.0
0.214,0.462,0.324,0.2263
0.231,0.769,0.0,-0.4019
0.0,1.0,0.0,0.0
0.144,0.637,0.219,0.2649
0.144,0.856,0.0,-0.4019
0.237,0.763,0.0,-0.4767
0.231,0.769,0.0,-0.5574
0.0,1.0,0.0,0.0
0.0,0.748,0.252,0.5719
0.147,0.769,0.083,-0.25
0.0,1.0,0.0,0.0
0.0,1.0,0.0,0.0
0.0,1.0,0.0,0.0
0.0,1.0,0.0,0.0
0.0,1.0,0.0,0.0
0.0,1.0,0.0,0.0
0.0,1.0,0.0,0.0
0.0,1.0,0.0,0.0
0.0,1.0,0.0,0.0
0.0,1.0,0.0,0.0
0.0,1.0,0.0,0.0
0.0,1.0,0.0,0.0
0.0,1.0,0.0,0.0
0.0,1.0,0.0,0.0
0.0,1.0,0.0,0.0
0.0,1.0,0.0,0.0
0.239,0.761,0.0,-0.296
0.194,0.806,0.0,-0.6249
0.22,0.78,0.0,-0.4767
0.0,1.0,0.0,0.0
0.096,0.782,0.122,0.1139
0.0,0.797,0.203,0.4215
0.0,1.0,0.0,0.0
0.0,1.0,0.0,0.0
0.0,0.741,0.259,0.4847
0.0,1.0,0.0,0.0
0.0,1.0,0.0,0.0
0.181,0.691,0.128,-0.25
0.0,1.0,0.0,0.0
0.187,0.813,0.0,-0.3182
0.281,0.719,0.0,-0.6486
0.174,0.826,0.0,-0.2755
0.181,0.819,0.0,-0.4767
0.0,0.83,0.17,0.3089
0.0,1.0,0.0,0.0
0.0,1.0,0.0,0.0
0.256,0.744,0.0,-0.4767
0.0,1.0,0.0,0.0
0.0,0.769,0.231,0.34
0.0,0.828,0.172,0.4019
0.197,0.803,0.0,-0.4019
0.0,1.0,0.0,0.0
0.0,1.0,0.0,0.0
0.0,1.0,0.0,0.0
0.0,1.0,0.0,0.0
0.0,1.0,0.0,0.0
0.0,1.0,0.0,0.0
0.0,1.0,0.0,0.0
0.071,0.929,0.0,-0.0772
0.252,0.748,0.0,-0.4019
0.0,1.0,0.0,0.0
0.15,0.694,0.156,0.0258
0.29,0.71,0.0,-0.5423
0.504,0.496,0.0,-0.7269
0.0,0.769,0.231,0.34
0.286,0.714,0.0,-0.4939
0.303,0.492,0.205,-0.296
0.231,0.769,0.0,-0.4019
0.0,1.0,0.0,0.0
0.149,0.851,0.0,-0.2732
0.0,0.704,0.296,0.6369
0.231,0.769,0.0,-0.5106
0.281,0.719,0.0,-0.5994
0.211,0.789,0.0,-0.4939
0.0,0.846,0.154,0.25
0.145,0.855,0.0,-0.296
0.0,1.0,0.0,0.0
0.237,0.763,0.0,-0.4767
0.0,1.0,0.0,0.0
0.0,1.0,0.0,0.0
0.231,0.769,0.0,-0.4019
0.115,0.885,0.0,-0.296
0.28,0.72,0.0,-0.3603
0.184,0.766,0.05,-0.5423
0.129,0.706,0.165,0.1531
0.133,0.684,0.183,0.2187
0.156,0.844,0.0,-0.34
0.0,0.822,0.178,0.0772
0.124,0.73,0.146,0.1027
0.112,0.888,0.0,-0.2263
0.333,0.667,0.0,-0.4588
0.0,1.0,0.0,0.0
0.0,1.0,0.0,0.0
0.0,1.0,0.0,0.0
0.0,1.0,0.0,0.0
0.0,1.0,0.0,0.0
0.0,1.0,0.0,0.0
0.0,1.0,0.0,0.0
0.0,1.0,0.0,0.0
0.0,1.0,0.0,0.0
0.389,0.611,0.0,-0.7906
0.381,0.619,0.0,-0.5719
0.379,0.621,0.0,-0.6705
0.0,1.0,0.0,0.0
0.0,1.0,0.0,0.0
0.291,0.709,0.0,-0.5719
0.159,0.58,0.261,0.34
0.239,0.761,0.0,-0.296
0.0,0.865,0.135,0.2584
0.0,1.0,0.0,0.0
0.0,1.0,0.0,0.0
0.369,0.631,0.0,-0.6249
0.0,1.0,0.0,0.0
0.0,1.0,0.0,0.0
0.0,1.0,0.0,0.0
0.439,0.561,0.0,-0.6908
0.0,0.839,0.161,0.3612
0.235,0.765,0.0,-0.6486
0.0,1.0,0.0,0.0
0.0,1.0,0.0,0.0
0.0,1.0,0.0,0.0
0.0,0.822,0.178,0.3802
0.0,0.833,0.167,0.34
0.0,0.904,0.096,0.1531
0.0,1.0,0.0,0.0
0.0,1.0,0.0,0.0
0.252,0.569,0.179,-0.2263
0.0,1.0,0.0,0.0
0.28,0.72,0.0,-0.5423
0.296,0.704,0.0,-0.7096
0.302,0.585,0.112,-0.5994
0.0,0.761,0.239,0.5719
0.0,0.78,0.22,0.308
0.286,0.627,0.086,-0.7269
0.299,0.701,0.0,-0.4574
0.0,1.0,0.0,0.0
0.0,1.0,0.0,0.0
0.0,1.0,0.0,0.0
0.12,0.88,0.0,-0.2924
0.0,1.0,0.0,0.0
0.0,0.59,0.41,0.7869
0.469,0.531,0.0,-0.6486
0.0,1.0,0.0,0.0
0.0,1.0,0.0,0.0
0.0,0.833,0.167,0.25
0.121,0.879,0.0,-0.296
0.0,1.0,0.0,0.0
0.257,0.743,0.0,-0.6369
0.0,1.0,0.0,0.0
0.369,0.462,0.169,-0.5994
0.0,1.0,0.0,0.0
0.0,1.0,0.0,0.0
0.0,1.0,0.0,0.0
0.0,0.82,0.18,0.431
0.13,0.87,0.0,-0.2023
0.31,0.69,0.0,-0.6705
0.355,0.645,0.0,-0.5267
0.18,0.82,0.0,-0.296
0.0,0.774,0.226,0.4449
0.0,1.0,0.0,0.0
0.0,0.75,0.25,0.25
0.225,0.775,0.0,-0.4404
0.199,0.801,0.0,-0.3595
0.0,0.797,0.203,0.3724
0.268,0.732,0.0,-0.6705
0.0,1.0,0.0,0.0
0.267,0.733,0.0,-0.2924
0.295,0.568,0.136,-0.4215
0.159,0.705,0.137,-0.0946
0.208,0.655,0.137,-0.2942
0.0,0.71,0.29,0.5994
0.468,0.532,0.0,-0.8316
0.0,0.794,0.206,0.3802
0.0,0.844,0.156,0.34
0.0,1.0,0.0,0.0
0.0,0.854,0.146,0.34
0.0,1.0,0.0,0.0
0.342,0.658,0.0,-0.3818
0.0,1.0,0.0,0.0
0.404,0.449,0.147,-0.7438
0.0,0.736,0.264,0.4973
0.0,1.0,0.0,0.0
0.0,1.0,0.0,0.0
0.346,0.654,0.0,-0.6486
0.0,1.0,0.0,0.0
0.535,0.465,0.0,-0.8481
0.0,0.769,0.231,0.5574
0.299,0.701,0.0,-0.5719
0.0,1.0,0.0,0.0
0.0,1.0,0.0,0.0
0.178,0.822,0.0,-0.3818
0.0,1.0,0.0,0.0
0.256,0.744,0.0,-0.4767
0.203,0.654,0.144,-0.2263
0.425,0.575,0.0,-0.5719
0.392,0.452,0.156,-0.6908
0.217,0.783,0.0,-0.5574
0.276,0.471,0.253,-0.34
0.0,0.556,0.444,0.6808
0.0,1.0,0.0,0.0
0.0,1.0,0.0,0.0
0.247,0.753,0.0,-0.5574
0.0,1.0,0.0,0.0
0.459,0.541,0.0,-0.7783
0.0,0.827,0.173,0.0772
0.339,0.661,0.0,-0.6249
0.181,0.694,0.125,-0.2023
0.273,0.727,0.0,-0.6705
0.0,1.0,0.0,0.0
0.18,0.82,0.0,-0.296
0.173,0.679,0.148,-0.1027
0.0,1.0,0.0,0.0
0.279,0.721,0.0,-0.4767
0.189,0.811,0.0,-0.5423
0.0,1.0,0.0,0.0
0.0,0.819,0.181,0.4767
0.211,0.647,0.142,-0.1531
0.191,0.609,0.2,0.0258
0.123,0.877,0.0,-0.1027
0.0,1.0,0.0,0.0
0.145,0.855,0.0,-0.296
0.363,0.637,0.0,-0.6908
0.245,0.755,0.0,-0.4449
0.286,0.714,0.0,-0.6369
0.138,0.658,0.204,0.25
0.0,1.0,0.0,0.0
0.0,0.866,0.134,0.4767
0.256,0.591,0.153,-0.2732
0.0,1.0,0.0,0.0
0.322,0.468,0.211,-0.2263
0.514,0.486,0.0,-0.8126
0.182,0.584,0.234,0.2023
0.0,1.0,0.0,0.0
0.294,0.5,0.206,-0.1531
0.206,0.794,0.0,-0.3818
0.0,0.821,0.179,0.34
0.0,1.0,0.0,0.0
0.149,0.851,0.0,-0.2732
0.34,0.458,0.203,-0.2732
0.0,0.59,0.41,0.8672
0.189,0.811,0.0,-0.2732
0.171,0.829,0.0,-0.5106
0.284,0.546,0.169,-0.2732
0.0,0.69,0.31,0.5574
0.155,0.845,0.0,-0.296
0.0,0.864,0.136,0.2235
0.0,0.92,0.08,0.0772
0.0,0.837,0.163,0.4449
0.0,1.0,0.0,0.0
0.189,0.811,0.0,-0.3252
0.0,0.784,0.216,0.5106
0.0,0.869,0.131,0.2057
0.289,0.711,0.0,-0.6908
0.0,1.0,0.0,0.0
0.27,0.73,0.0,-0.4019
0.0,0.858,0.142,0.2057
0.122,0.878,0.0,-0.3612
0.153,0.847,0.0,-0.4019
0.0,1.0,0.0,0.0
0.238,0.762,0.0,-0.2924
0.13,0.87,0.0,-0.34
0.0,1.0,0.0,0.0
0.0,1.0,0.0,0.0
0.119,0.693,0.188,0.1779
0.17,0.593,0.237,0.2263
0.107,0.893,0.0,-0.5574
0.0,1.0,0.0,0.0
0.145,0.855,0.0,-0.296
0.361,0.639,0.0,-0.5448
0.0,1.0,0.0,0.0
0.0,1.0,0.0,0.0
0.171,0.829,0.0,-0.5106
0.104,0.896,0.0,-0.3252
0.0,1.0,0.0,0.0
0.269,0.57,0.161,-0.2732
0.191,0.617,0.191,0.0
0.157,0.843,0.0,-0.4215
0.0,0.892,0.108,0.3182
0.0,1.0,0.0,0.0
0.0,1.0,0.0,0.0
0.0,0.838,0.162,0.4019
0.0,1.0,0.0,0.0
0.081,0.919,0.0,-0.296
0.0,1.0,0.0,0.0
0.161,0.839,0.0,-0.3612
0.1,0.9,0.0,-0.2732
0.0,0.806,0.194,0.5574
0.122,0.878,0.0,-0.2023
0.0,0.787,0.213,0.4019
0.264,0.736,0.0,-0.5106
0.0,1.0,0.0,0.0
0.515,0.152,0.334,-0.2942
0.0,1.0,0.0,0.0
0.163,0.419,0.418,0.82
0.0,0.825,0.175,0.5574
0.0,0.714,0.286,0.7184
0.0,1.0,0.0,0.0
0.171,0.829,0.0,-0.4767
0.0,1.0,0.0,0.0
0.0,1.0,0.0,0.0
0.0,1.0,0.0,0.0
0.406,0.594,0.0,-0.7039
0.217,0.657,0.126,-0.2023
0.0,1.0,0.0,0.0
0.293,0.707,0.0,-0.7003
0.294,0.706,0.0,-0.6124
0.174,0.596,0.23,0.0772
0.0,1.0,0.0,0.0
0.0,1.0,0.0,0.0
0.0,1.0,0.0,0.0
0.135,0.725,0.14,0.0258
0.268,0.732,0.0,-0.4449
0.0,0.82,0.18,0.5106
0.179,0.732,0.089,-0.2732
0.0,0.916,0.084,0.0951
0.28,0.629,0.091,-0.5119
0.363,0.637,0.0,-0.7506
0.11,0.89,0.0,-0.1531
0.333,0.667,0.0,-0.7184
0.0,0.74,0.26,0.4249
0.15,0.694,0.156,0.0258
0.0,1.0,0.0,0.0
0.128,0.872,0.0,-0.296
0.0,0.832,0.168,0.3875
0.0,1.0,0.0,0.0
0.0,0.797,0.203,0.3724
0.432,0.568,0.0,-0.872
0.163,0.667,0.17,0.0258
0.0,1.0,0.0,0.0
0.0,1.0,0.0,0.0
0.237,0.763,0.0,-0.4215
0.149,0.851,0.0,-0.5423
0.0,1.0,0.0,0.0
0.239,0.761,0.0,-0.296
0.0,1.0,0.0,0.0
0.0,0.82,0.18,0.0258
0.0,1.0,0.0,0.0
0.0,0.714,0.286,0.6808
0.205,0.795,0.0,-0.4767
0.126,0.682,0.192,0.2649
0.236,0.764,0.0,-0.5719
0.0,1.0,0.0,0.0
0.178,0.658,0.164,-0.0516
0.0,0.807,0.193,0.3892
0.0,1.0,0.0,0.0
0.0,0.825,0.175,0.3724
0.0,1.0,0.0,0.0
0.2,0.8,0.0,-0.3612
0.289,0.634,0.077,-0.4588
0.167,0.833,0.0,-0.296
0.0,1.0,0.0,0.0
0.253,0.747,0.0,-0.5255
0.0,1.0,0.0,0.0
0.228,0.772,0.0,-0.6808
0.271,0.628,0.101,-0.5423
0.0,0.932,0.068,0.34
0.138,0.658,0.204,0.25
0.0,1.0,0.0,0.0
0.396,0.604,0.0,-0.7096
0.381,0.619,0.0,-0.5719
0.163,0.741,0.096,-0.2263
0.0,1.0,0.0,0.0
0.0,1.0,0.0,0.0
0.18,0.64,0.18,0.0
0.358,0.642,0.0,-0.8316
0.0,1.0,0.0,0.0
0.0,1.0,0.0,0.0
0.278,0.722,0.0,-0.4019
0.0,1.0,0.0,0.0
0.0,1.0,0.0,0.0
0.231,0.769,0.0,-0.4019
0.214,0.786,0.0,-0.4588
0.0,1.0,0.0,0.0
0.194,0.806,0.0,-0.5574
0.193,0.807,0.0,-0.4767
0.326,0.674,0.0,-0.4404
0.277,0.723,0.0,-0.3182
0.441,0.559,0.0,-0.7845
0.0,1.0,0.0,0.0
0.0,0.847,0.153,0.5574
0.0,0.885,0.115,0.296
0.0,0.676,0.324,0.8442
0.0,1.0,0.0,0.0
0.151,0.64,0.209,0.25
0.205,0.795,0.0,-0.5574
0.2,0.8,0.0,-0.4588
0.0,1.0,0.0,0.0
0.0,1.0,0.0,0.0
0.265,0.735,0.0,-0.5574
0.0,0.818,0.182,0.5994
0.0,1.0,0.0,0.0
0.129,0.699,0.172,0.2023
0.0,1.0,0.0,0.0
0.0,1.0,0.0,0.0
0.114,0.886,0.0,-0.2023
0.0,1.0,0.0,0.0
0.444,0.556,0.0,-0.4939
0.0,1.0,0.0,0.0
0.0,1.0,0.0,0.0
0.0,0.833,0.167,0.34
0.177,0.686,0.137,-0.1779
0.0,0.667,0.333,0.7184
0.0,1.0,0.0,0.0
0.223,0.777,0.0,-0.3182
0.0,0.704,0.296,0.6369
0.449,0.551,0.0,-0.6908
0.273,0.727,0.0,-0.3875
0.168,0.699,0.133,-0.1295
0.0,1.0,0.0,0.0
0.157,0.843,0.0,-0.4215
0.0,0.809,0.191,0.3818
0.0,1.0,0.0,0.0
0.0,1.0,0.0,0.0
0.0,1.0,0.0,0.0
0.0,1.0,0.0,0.0
0.2,0.593,0.207,0.0258
0.226,0.774,0.0,-0.3252
0.0,0.845,0.155,0.296
0.313,0.687,0.0,-0.6249
0.0,1.0,0.0,0.0
0.328,0.672,0.0,-0.5994
0.153,0.847,0.0,-0.4404
0.0,1.0,0.0,0.0
0.0,1.0,0.0,0.0
0.138,0.862,0.0,-0.4391
0.0,1.0,0.0,0.0
0.292,0.708,0.0,-0.5106
0.0,0.769,0.231,0.4019
0.0,1.0,0.0,0.0
0.0,1.0,0.0,0.0
0.0,1.0,0.0,0.0
0.0,1.0,0.0,0.0
0.0,0.848,0.152,0.0191
0.388,0.612,0.0,-0.6908
0.0,0.865,0.135,0.3252
0.0,1.0,0.0,0.0
0.0,1.0,0.0,0.0
0.444,0.556,0.0,-0.6808
0.0,1.0,0.0,0.0
0.0,1.0,0.0,0.0
0.145,0.855,0.0,-0.296
0.205,0.641,0.154,-0.2023
0.0,1.0,0.0,0.0
0.538,0.462,0.0,-0.8591
0.0,1.0,0.0,0.0
0.0,1.0,0.0,0.0
0.394,0.606,0.0,-0.5994
0.0,1.0,0.0,0.0
0.0,0.843,0.157,0.0772
0.31,0.69,0.0,-0.4019
0.0,0.804,0.196,0.296
0.0,1.0,0.0,0.0
0.0,1.0,0.0,0.0
0.2,0.647,0.153,-0.2023
0.0,1.0,0.0,0.0
0.177,0.823,0.0,-0.4215
0.427,0.573,0.0,-0.7717
0.101,0.725,0.174,0.25
0.315,0.685,0.0,-0.5574
0.0,1.0,0.0,0.0
0.288,0.45,0.261,-0.0772
0.379,0.621,0.0,-0.7269
0.297,0.413,0.29,-0.0217
0.071,0.929,0.0,-0.0191
0.0,1.0,0.0,0.0
0.526,0.474,0.0,-0.875
0.0,1.0,0.0,0.0
0.394,0.493,0.113,-0.6908
0.189,0.684,0.126,-0.296
0.0,0.714,0.286,0.5574
0.0,1.0,0.0,0.0
0.324,0.676,0.0,-0.802
0.0,1.0,0.0,0.0
0.0,1.0,0.0,0.0
0.155,0.845,0.0,-0.296
0.238,0.762,0.0,-0.5213
0.0,1.0,0.0,0.0
0.391,0.609,0.0,-0.6705
0.0,1.0,0.0,0.0
0.205,0.795,0.0,-0.4767
0.0,1.0,0.0,0.0
0.394,0.606,0.0,-0.7579
0.128,0.872,0.0,-0.296
0.0,1.0,0.0,0.0
0.11,0.89,0.0,-0.1531
0.16,0.84,0.0,-0.2732
0.0,1.0,0.0,0.0
0.125,0.875,0.0,-0.25
0.0,1.0,0.0,0.0
0.0,1.0,0.0,0.0
0.0,1.0,0.0,0.0
0.161,0.839,0.0,-0.3612
0.0,1.0,0.0,0.0
0.0,1.0,0.0,0.0
0.0,1.0,0.0,0.0
0.448,0.552,0.0,-0.7579
0.0,1.0,0.0,0.0
0.0,1.0,0.0,0.0
0.156,0.844,0.0,-0.34
0.0,1.0,0.0,0.0
0.0,0.832,0.168,0.2057
0.31,0.69,0.0,-0.4019
0.0,1.0,0.0,0.0
0.0,1.0,0.0,0.0
0.315,0.685,0.0,-0.3182
0.0,0.631,0.369,0.4767
0.0,1.0,0.0,0.0
0.0,0.891,0.109,0.0258
0.167,0.833,0.0,-0.1027
0.0,0.803,0.197,0.4019
0.0,0.855,0.145,0.1779
0.237,0.763,0.0,-0.4767
0.0,0.92,0.08,0.0772
0.159,0.732,0.11,-0.2023
0.0,1.0,0.0,0.0
0.0,1.0,0.0,0.0
0.0,1.0,0.0,0.0
0.342,0.658,0.0,-0.6369
0.306,0.694,0.0,-0.5106
0.404,0.596,0.0,-0.7269
0.0,0.769,0.231,0.4023
0.112,0.888,0.0,-0.2263
0.0,1.0,0.0,0.0
0.0,1.0,0.0,0.0
0.0,1.0,0.0,0.0
0.274,0.726,0.0,-0.5267
0.0,0.915,0.085,0.1027
0.0,1.0,0.0,0.0
0.295,0.705,0.0,-0.4449
0.0,1.0,0.0,0.0
0.0,1.0,0.0,0.0
0.256,0.744,0.0,-0.4767
0.422,0.578,0.0,-0.7925
0.378,0.622,0.0,-0.8074
0.097,0.903,0.0,-0.1027
0.156,0.638,0.206,0.1779
0.0,0.761,0.239,0.296
0.145,0.855,0.0,-0.296
0.0,1.0,0.0,0.0
0.217,0.783,0.0,-0.3612
0.364,0.636,0.0,-0.6124
0.346,0.654,0.0,-0.6486
0.0,0.811,0.189,0.2023
0.0,1.0,0.0,0.0
0.145,0.855,0.0,-0.296
0.0,1.0,0.0,0.0
0.0,0.699,0.301,0.6808
0.0,1.0,0.0,0.0
0.0,0.752,0.248,0.5106
0.208,0.792,0.0,-0.2732
0.0,1.0,0.0,0.0
0.0,0.901,0.099,0.1655
0.0,1.0,0.0,0.0
0.0,1.0,0.0,0.0
0.0,0.802,0.198,0.6369
0.0,0.898,0.102,0.2584
0.0,1.0,0.0,0.0
0.31,0.69,0.0,-0.5574
0.098,0.8,0.102,0.0258
0.238,0.762,0.0,-0.6486
0.0,0.915,0.085,0.1027
0.0,1.0,0.0,0.0
0.282,0.571,0.146,-0.5859
0.0,0.839,0.161,0.3182
0.0,1.0,0.0,0.0
0.132,0.709,0.159,0.1396
0.137,0.789,0.073,-0.4939
0.0,1.0,0.0,0.0
0.0,0.794,0.206,0.0772
0.246,0.754,0.0,-0.7805
0.252,0.748,0.0,-0.6597
0.0,0.82,0.18,0.3182
0.179,0.662,0.159,-0.0772
0.126,0.605,0.27,0.4767
0.0,0.879,0.121,0.296
0.0,0.779,0.221,0.3724
0.0,1.0,0.0,0.0
0.0,1.0,0.0,0.0
0.0,1.0,0.0,0.0
0.0,1.0,0.0,0.0
0.136,0.864,0.0,-0.4199
0.1,0.9,0.0,-0.4404
0.0,0.855,0.145,0.2584
0.0,1.0,0.0,0.0
0.286,0.714,0.0,-0.25
0.208,0.675,0.116,-0.6305
0.0,1.0,0.0,0.0
0.0,1.0,0.0,0.0
0.104,0.896,0.0,-0.296
0.0,0.741,0.259,0.4215
0.0,1.0,0.0,0.0
0.0,1.0,0.0,0.0
0.345,0.655,0.0,-0.7003
0.165,0.714,0.121,-0.25
0.0,1.0,0.0,0.0
0.0,0.872,0.128,0.3612
0.196,0.804,0.0,-0.296
0.173,0.67,0.156,-0.0772
0.0,1.0,0.0,0.0
0.0,1.0,0.0,0.0
0.0,0.659,0.341,0.4767
0.341,0.659,0.0,-0.4767
0.143,0.688,0.169,0.1275
0.205,0.795,0.0,-0.4767
0.0,1.0,0.0,0.0
0.0,1.0,0.0,0.0
0.119,0.703,0.178,0.2732
0.0,0.775,0.225,0.4939
0.0,1.0,0.0,0.0
0.335,0.558,0.107,-0.7446
0.0,0.837,0.163,0.4449
0.0,1.0,0.0,0.0
0.0,1.0,0.0,0.0
0.304,0.696,0.0,-0.5859
0.545,0.455,0.0,-0.8555
0.144,0.647,0.209,0.3182
0.0,0.894,0.106,0.0772
0.0,1.0,0.0,0.0
0.0,0.893,0.107,0.0191
0.284,0.601,0.115,-0.4767
0.0,1.0,0.0,0.0
0.0,1.0,0.0,0.0
0.245,0.755,0.0,-0.5994
0.0,1.0,0.0,0.0
0.145,0.782,0.073,-0.3182
0.0,0.741,0.259,0.4215
0.0,0.843,0.157,0.0772
0.0,1.0,0.0,0.0
0.0,1.0,0.0,0.0
0.0,0.885,0.115,0.0772
0.328,0.672,0.0,-0.5994
0.17,0.83,0.0,-0.6705
0.0,1.0,0.0,0.0
0.0,1.0,0.0,0.0
0.0,1.0,0.0,0.0
0.0,1.0,0.0,0.0
0.0,0.804,0.196,0.296
0.0,1.0,0.0,0.0
0.0,1.0,0.0,0.0
0.0,1.0,0.0,0.0
0.0,1.0,0.0,0.0
0.0,1.0,0.0,0.0
0.0,1.0,0.0,0.0
0.184,0.816,0.0,-0.3089
0.0,0.645,0.355,0.5106
0.333,0.667,0.0,-0.6705
0.0,0.92,0.08,0.0772
0.0,0.813,0.187,0.3182
0.247,0.753,0.0,-0.3182
0.0,1.0,0.0,0.0
0.188,0.812,0.0,-0.4168
0.0,1.0,0.0,0.0
0.0,1.0,0.0,0.0
0.0,0.667,0.333,0.7184
0.0,1.0,0.0,0.0
0.0,1.0,0.0,0.0
0.16,0.84,0.0,-0.2732
0.244,0.611,0.144,-0.3208
0.205,0.795,0.0,-0.4767
0.16,0.84,0.0,-0.3954
0.0,0.816,0.184,0.357
0.151,0.658,0.191,0.1531
0.0,1.0,0.0,0.0
0.0,1.0,0.0,0.0
0.0,0.494,0.506,0.6249
0.0,1.0,0.0,0.0
0.587,0.413,0.0,-0.7964
0.0,1.0,0.0,0.0
0.0,1.0,0.0,0.0
0.279,0.721,0.0,-0.4767
0.51,0.49,0.0,-0.743
0.13,0.87,0.0,-0.2732
0.0,1.0,0.0,0.0
0.0,0.769,0.231,0.5574
0.138,0.692,0.17,0.128
0.2,0.636,0.164,-0.1027
0.0,1.0,0.0,0.0
0.281,0.592,0.126,-0.4847
0.0,0.783,0.217,0.1695
0.279,0.721,0.0,-0.4767
0.122,0.878,0.0,-0.2023
0.245,0.755,0.0,-0.3818
0.409,0.591,0.0,-0.7377
0.162,0.838,0.0,-0.4019
0.0,1.0,0.0,0.0
0.0,1.0,0.0,0.0
0.171,0.829,0.0,-0.4767
0.29,0.71,0.0,-0.6705
0.328,0.672,0.0,-0.5994
0.279,0.721,0.0,-0.4767
0.0,1.0,0.0,0.0
0.227,0.667,0.106,-0.4767
0.0,1.0,0.0,0.0
0.211,0.789,0.0,-0.4939
0.0,1.0,0.0,0.0
0.0,0.828,0.172,0.4404
0.0,1.0,0.0,0.0
0.196,0.804,0.0,-0.296
0.0,1.0,0.0,0.0
0.241,0.759,0.0,-0.5423
0.0,1.0,0.0,0.0
0.0,0.792,0.208,0.2748
0.126,0.8,0.074,-0.2263
0.0,1.0,0.0,0.0
0.0,1.0,0.0,0.0
0.0,1.0,0.0,0.0
0.0,1.0,0.0,0.0
0.0,1.0,0.0,0.0
0.449,0.551,0.0,-0.6908
0.0,1.0,0.0,0.0
0.124,0.876,0.0,-0.4019
0.0,1.0,0.0,0.0
0.282,0.589,0.129,-0.5615
0.0,1.0,0.0,0.0
0.098,0.902,0.0,-0.3612
0.0,0.858,0.142,0.357
0.12,0.71,0.169,0.2263
0.0,1.0,0.0,0.0
0.11,0.89,0.0,-0.3818
0.0,1.0,0.0,0.0
0.182,0.719,0.099,-0.34
0.091,0.909,0.0,-0.1027
0.0,0.746,0.254,0.5267
0.0,0.63,0.37,0.5719
0.302,0.698,0.0,-0.4404
0.379,0.621,0.0,-0.6705
0.394,0.606,0.0,-0.5994
0.0,1.0,0.0,0.0
0.0,1.0,0.0,0.0
0.0,1.0,0.0,0.0
0.541,0.459,0.0,-0.7096
0.0,1.0,0.0,0.0
0.0,1.0,0.0,0.0
0.0,1.0,0.0,0.0
0.0,1.0,0.0,0.0
0.22,0.78,0.0,-0.4767
0.0,1.0,0.0,0.0
0.0,0.737,0.263,0.3612
0.558,0.442,0.0,-0.743
0.0,1.0,0.0,0.0
0.279,0.721,0.0,-0.4767
0.224,0.776,0.0,-0.3818
0.0,1.0,0.0,0.0
0.0,1.0,0.0,0.0
0.0,0.783,0.217,0.4158
0.0,1.0,0.0,0.0
0.0,1.0,0.0,0.0
0.0,1.0,0.0,0.0
0.085,0.915,0.0,-0.0516
0.0,1.0,0.0,0.0
0.229,0.771,0.0,-0.631
0.121,0.879,0.0,-0.296
0.22,0.78,0.0,-0.4767
0.286,0.714,0.0,-0.6597
0.0,1.0,0.0,0.0
0.0,0.756,0.244,0.4404
0.0,1.0,0.0,0.0
0.0,0.859,0.141,0.3182
0.0,1.0,0.0,0.0
0.0,1.0,0.0,0.0
0.0,1.0,0.0,0.0
0.0,1.0,0.0,0.0
0.0,1.0,0.0,0.0
0.211,0.789,0.0,-0.34
0.0,0.77,0.23,0.5096
0.356,0.495,0.149,-0.6808
0.0,0.722,0.278,0.4019
0.466,0.534,0.0,-0.7269
0.0,1.0,0.0,0.0
0.0,1.0,0.0,0.0
0.0,1.0,0.0,0.0
0.375,0.625,0.0,-0.5574
0.195,0.69,0.115,-0.34
0.0,1.0,0.0,0.0
0.0,1.0,0.0,0.0
0.0,1.0,0.0,0.0
0.192,0.808,0.0,-0.2263
0.187,0.723,0.09,-0.3818
0.0,1.0,0.0,0.0
0.0,1.0,0.0,0.0
0.474,0.526,0.0,-0.5574
0.0,1.0,0.0,0.0
0.403,0.597,0.0,-0.4019
0.0,1.0,0.0,0.0
0.0,1.0,0.0,0.0
0.084,0.916,0.0,-0.2732
0.0,1.0,0.0,0.0
0.0,1.0,0.0,0.0
0.0,0.87,0.13,0.2732
0.0,0.711,0.289,0.6244
0.223,0.711,0.066,-0.6249
0.0,1.0,0.0,0.0
0.104,0.719,0.177,0.3208
0.049,0.862,0.089,0.2235
0.0,1.0,0.0,0.0
0.184,0.816,0.0,-0.5574
0.322,0.573,0.106,-0.709
0.0,1.0,0.0,0.0
0.0,1.0,0.0,0.0
0.248,0.752,0.0,-0.765
0.0,1.0,0.0,0.0
0.391,0.609,0.0,-0.8639
0.306,0.594,0.1,-0.6705
0.155,0.845,0.0,-0.296
0.0,1.0,0.0,0.0
0.0,1.0,0.0,0.0
0.0,0.852,0.148,0.3818
0.237,0.763,0.0,-0.4767
